,address,latitude,longitude,nbed,nbath,ncar,price,type,historical_dates,postcode,suburb,weekly_rent,year,month
1115,"27 ACACIA WAY, CHURCHILL",-38.301581,146.415178,3,1,0,$125_Week,House,2006-11-01,3842,CHURCHILL,125,2006,11
1957,"1 GAYLE COURT, CLAYTON SOUTH",-37.957438,145.133572,3,1,2,$180_Week,Rental_residential,2006-10-01,3169,SOUTH,180,2006,10
2620,"5 / 5 BURNS AVE, CLAYTON SOUTH",-37.936524,145.134469,2,1,1,$230,Apartment,2006-12-01,3169,SOUTH,230,2006,12
3362,"10/2 MONASH GREEN DRIVE, CLAYTON",-37.918788,145.127626,2,1,1,$240,Unit,2006-12-01,3168,CLAYTON,240,2006,12
5142,"9 BURTON AVENUE, CLAYTON",-37.926327,145.115883,4,3,1,$250,Townhouse,2006-11-01,3168,CLAYTON,250,2006,11
6219,"-37.93001,145.421908, CLEMATIS",-37.93001,145.421908,3,1,0,$220_Week,House,2006-11-01,3782,CLEMATIS,220,2006,11
6220,"-37.93001,145.421908, CLEMATIS",-37.93001,145.421908,3,1,0,$220_Week,House,2006-11-01,3782,CLEMATIS,220,2006,11
6487,"2/30 EDMUND ST, CLIFTON HILL",-37.787664,145.004331,2,1,1,$260,Unit/apmt,2006-10-01,3068,HILL,260,2006,10
6970,"2/6 FORD STREET, CLIFTON HILL",-37.791295,144.997988,1,1,1,$175,Unit/apmt,2006-11-01,3068,HILL,175,2006,11
7381,"14 KIEWA STREET, CLIFTON HILL",-37.79235,145.000221,2,1,0,$340,Rental_residential,2006-11-01,3068,HILL,340,2006,11
10495,"3/5 INDUSTRY LANE, COBURG",-37.74493,144.96469,2,1,1,$300,Rental_residential,2006-12-01,3058,COBURG,300,2006,12
10498,"2/29 COBURG STREET, COBURG",-37.747604,144.970613,3,1,1,$260_Week,Available Now,2006-11-01,3058,COBURG,260,2006,11
10964,"4/36 THE GROVE, COBURG",-37.751916,144.969914,2,1,1,$255,Townhouse,2006-12-01,3058,COBURG,255,2006,12
12856,"22 GLEN ROAD, COCKATOO",-37.937274,145.486381,2,1,0,$200_Week,House,2006-11-01,3781,COCKATOO,200,2006,11
1052,"29A VICTORIA PARADE, COLLINGWOOD",-37.808649,144.983618,2,1,0,$270,Rental_residential,2006-11-01,3066,COLLINGWOOD,270,2006,11
1340,"11/99 OXFORD STREET, COLLINGWOOD",-37.80365372,144.98460388,1,1,1,$290,Unit,2006-11-01,3066,COLLINGWOOD,290,2006,11
5348,"19 VENTNOR ROAD, COWES",-38.463337,145.235389,3,1,2,$900_Week,House,2006-11-01,3922,COWES,900,2006,11
2428,"8/82 BURWOOD HIGHWAY, BURWOOD EAST",-37.85173416,145.13832092,2,1,1,$190,Unit/apmt,2006-10-01,3151,EAST,190,2006,10
3714,"16 BEDDOWS STREET, BURWOOD",-37.853564,145.117521,4,2,1,$300,House,2006-12-01,3125,BURWOOD,300,2006,12
3715,"16 BEDDOWS STREET, BURWOOD",-37.853564,145.117521,4,2,1,$300_Week,House,2006-11-01,3125,BURWOOD,300,2006,11
5865,"252 HIGHFIELD ROAD, CAMBERWELL",-37.848314,145.082571,3,2,3,$680,House,2006-11-01,3124,CAMBERWELL,680,2006,11
6317,"9/5 ACHERON AVENUE, CAMBERWELL",-37.84073639,145.0660553,2,1,0,$230,Unit/apmt,2006-10-01,3124,CAMBERWELL,230,2006,10
6627,"2/596 RIVERSDALE ROAD, CAMBERWELL",-37.83227158,145.06324768,2,1,1,$270,Available Now,2006-11-01,3124,CAMBERWELL,270,2006,11
6811,"3/894-896 TOORAK ROAD, CAMBERWELL",-37.84629822,145.05543518,3,2,1,$400,Rental_residential,2006-12-01,3124,CAMBERWELL,400,2006,12
6943,"5/27 THOMAS STREET, CAMBERWELL",-37.84245682,145.09342957,2,1,1,$270,Unit/apmt,2006-11-01,3124,CAMBERWELL,270,2006,11
167,"1711/668 BOURKE STREET, MELBOURNE",-37.816897,144.953675,3,2,2,$540,Available Now,2006-12-01,3000,MELBOURNE,540,2006,12
3908,"32 CHRISTOPHER CRESCENT, MELTON",-37.685577,144.573168,3,1,1,$185_Week,House,2006-11-01,3337,MELTON,185,2006,11
3909,"32 CHRISTOPHER CRESCENT, MELTON",-37.685577,144.573168,3,1,1,$185,House,2006-11-01,3337,MELTON,185,2006,11
4716,"3/30 SEA PARADE, MENTONE",-37.98299789,145.05371094,2,1,1,$270,Rental_residential,2006-10-01,3194,MENTONE,270,2006,10
5485,"1/77 PATTY STREET, MENTONE",-37.97831,145.066961,3,1,1,$375,Rental_residential,2006-12-01,3194,MENTONE,375,2006,12
5524,"8/2-4 SALMON STREET, MENTONE",-37.9790535,145.06227112,1,1,1,$145,Rental_residential,2006-11-01,3194,MENTONE,145,2006,11
5556,"6 / 8 COMMERCIAL ROAD, MENTONE",-37.985738,145.065634,2,1,1,$300_Week,none,2006-11-01,3194,MENTONE,300,2006,11
5557,"6 / 8 COMMERCIAL ROAD, MENTONE",-37.985738,145.065634,2,1,1,$290,none,2006-11-01,3194,MENTONE,290,2006,11
5583,"5/5 STATION STREET, MENTONE",-37.98222351,145.06625366,1,1,1,$185,Rental_residential,2006-11-01,3194,MENTONE,185,2006,11
5698,"1/50 BALCOMBE ROAD, MENTONE",-37.981502,145.068097,3,3,2,$480,Rental_residential,2006-11-01,3194,MENTONE,480,2006,11
6487,"12/56 MILAN STREET, MENTONE",-37.98303223,145.06063843,2,1,1,$200,Rental_residential,2006-11-01,3194,MENTONE,200,2006,11
6782,"125C SEVENTH STREET, MERBEIN SOUTH",-34.2045981,142.0387241,4,2,2,$250_Week,House,2006-11-01,3505,SOUTH,250,2006,11
7182,"51 BOUNDARY ROAD, MEREDITH",-37.826186,144.044756,3,1,1,$180_Week,House,2006-10-01,3333,MEREDITH,180,2006,10
8704,"172 CANTERBURY ROAD, MIDDLE PARK",-37.853158,144.969079,2,1,0,$355_Mid,House,2006-11-01,3206,PARK,355,2006,11
8995,"23 WRIGHT STREET, MIDDLE PARK",-37.84669,144.96075,3,3,1,$330_Mid,none,2006-12-01,3206,PARK,330,2006,12
9098,"1/18 PATTERSON STREET, MIDDLE PARK",-37.85435104,144.96452332,2,1,1,$275_Mid,Rental_residential,2006-11-01,3206,PARK,275,2006,11
9116,"204 RICHARDSON STREET, MIDDLE PARK",-37.848215,144.958765,2,1,1,$550_Mid,Rental_residential,2006-12-01,3206,PARK,550,2006,12
9373,"10/109 NIMMO STREET, MIDDLE PARK",-37.849121,144.963098,2,1,1,$1457,Rental_residential,2006-11-01,3206,PARK,1457,2006,11
9525,"4/72 PATTERSON STREET, MIDDLE PARK",-37.85546112,144.96662903,1,1,1,$220_Mid,Rental_residential,2006-12-01,3206,PARK,220,2006,12
9565,"11/5 - 7 HAROLD STREET, MIDDLE PARK",-37.848476,144.961384,1,1,1,$340_Mid,Rental_residential,2006-12-01,3206,PARK,340,2006,12
9582,"3/51 NIMMO STREET, MIDDLE PARK",-37.850501,144.962039,2,1,1,$375_Mid,none,2006-11-01,3206,PARK,375,2006,11
9897,"2/51 NIMMO STREET, MIDDLE PARK",-37.850501,144.962039,2,1,1,$360_Mid,Rental_residential,2006-10-01,3206,PARK,360,2006,10
9936,"326 RICHARDSON STREET, MIDDLE PARK",-37.852041,144.965831,2,1,1,$350_Mid,Rental_residential,2006-11-01,3206,PARK,350,2006,11
10163,"3/82 PATTERSON STREET, MIDDLE PARK",-37.85563278,144.9669342,2,1,0,$335_Mid,Unit/apmt,2006-10-01,3206,PARK,335,2006,10
10404,"5/2 CAMERON AVENUE, MILDURA WEST",-34.181651,142.151354,2,1,1,$135,Unit/apmt,2006-12-01,3500,WEST,135,2006,12
12597,"42 SEVENTH STREET, MILDURA",-34.189769,142.171985,3,1,2,$200,Rental_residential,2006-11-01,3500,MILDURA,200,2006,11
15109,"17 PATRICK STREET, MILLGROVE",-37.746826,145.661548,3,1,0,$175_Week,House,2006-11-01,3799,MILLGROVE,175,2006,11
722,"23 WANDONG AVENUE, WANDONG",-37.35751785,145.02833315,2,1,1,$170_Week,House,2006-11-01,3758,WANDONG,170,2006,11
1544,"17 HINCHLEY STREET, WANGARATTA",-36.356764,146.299309,3,1,2,$240_Week,House,2006-11-01,3677,WANGARATTA,240,2006,11
2325,"2/13 THOMSON STREET, WANGARATTA",-36.368739,146.318901,2,1,1,$120_Week,none,2006-10-01,3677,WANGARATTA,120,2006,10
5802,"63 NORTH ROAD, WARRAGUL",-38.159412,145.949167,3,2,2,$185_Week,House,2006-11-01,3820,WARRAGUL,185,2006,11
5803,"63 NORTH ROAD, WARRAGUL",-38.159412,145.949167,3,2,2,$200,House,2006-11-01,3820,WARRAGUL,200,2006,11
6995,"20 DAISY STREET, WARRANWOOD",-37.771689,145.244089,4,2,2,$380_Week,House,2006-11-01,3134,WARRANWOOD,380,2006,11
330,"62B TWEDDLE PLACE, GISBORNE SOUTH",-37.543852,144.592628,3,1,0,$190_Week,Unit/apmt,2006-11-01,3437,SOUTH,190,2006,11
331,"62B TWEDDLE PLACE, GISBORNE SOUTH",-37.543852,144.592628,3,1,0,$190_Week,Unit/apmt,2006-11-01,3437,SOUTH,190,2006,11
1215,"27 DUNFIELD DRIVE, GLADSTONE PARK",-37.686147,144.895315,3,1,3,$225_Week,House,2006-11-01,3043,PARK,225,2006,11
1639,"1 DINGLEY CLOSE, GLADSTONE PARK",-37.686288,144.89869,3,1,1,$230,House,2006-11-01,3043,PARK,230,2006,11
2113,"8/15 WARATAH AVENUE, GLEN HUNTLY",-37.891661,145.042483,1,1,1,$157,Available Now,2006-11-01,3163,HUNTLY,157,2006,11
3184,"1146 GLEN HUNTLY ROAD, GLEN HUNTLY",-37.89224,145.04113,2,1,1,$250_Week,Unit/apmt,2006-11-01,3163,HUNTLY,250,2006,11
3185,"1146 GLEN HUNTLY ROAD, GLEN HUNTLY",-37.89224,145.04113,2,1,1,$250,Unit/apmt,2006-11-01,3163,HUNTLY,250,2006,11
3294,"6/11 BELMONT AVENUE, GLEN IRIS",-37.85740662,145.04795837,1,1,1,$195,Unit/apmt,2006-12-01,3146,IRIS,195,2006,12
3327,"22 ELLIS ROAD, GLEN IRIS",-37.86,145.046815,4,2,2,$680,none,2006-10-01,3146,IRIS,680,2006,10
3623,"7/1492 MALVERN ROAD, GLEN IRIS",-37.853953,145.047567,1,1,1,$145,Unit/apmt,2006-11-01,3146,IRIS,145,2006,11
4317,"9/1555 HIGH STREET, GLEN IRIS",-37.85981369,145.06015015,1,1,1,$200,Unit/apmt,2006-11-01,3146,IRIS,200,2006,11
4878,"8/46 SCOTT GROVE, GLEN IRIS",-37.85461426,145.050354,2,1,1,$265,none,2006-12-01,3146,IRIS,265,2006,12
5298,"2 FERNDALE ROAD, GLEN IRIS",-37.855005,145.06852,5,2,2,$750,Available Now,2006-12-01,3146,IRIS,750,2006,12
5715,"46A WILLS STREET, GLEN IRIS",-37.856816,145.056936,2,1,1,$295,Unit/apmt,2006-11-01,3146,IRIS,295,2006,11
6092,"9A LITHGOW STREET, GLEN IRIS",-37.850125,145.081979,2,1,1,$270,House,2006-11-01,3146,IRIS,270,2006,11
8799,"1/37 GYTON AVENUE, GLEN WAVERLEY",-37.86565018,145.16069031,3,1,1,$280,Unit/apmt,2006-12-01,3150,WAVERLEY,280,2006,12
1374,"1/1 FRANCESCO STREET, BENTLEIGH EAST",-37.92020035,145.05574036,3,1,2,$250,Rental_residential,2006-12-01,3165,EAST,250,2006,12
2110,"21 ROCHFORD STREET, BENTLEIGH EAST",-37.906838,145.057884,3,1,2,$260,Rental_residential,2006-11-01,3165,EAST,260,2006,11
2216,"1/16 BESSIE STREET, BENTLEIGH EAST",-37.92569351,145.08106995,3,2,1,$395,Rental_residential,2006-11-01,3165,EAST,395,2006,11
2663,"3/10A EDDYS GROVE, BENTLEIGH",-37.9200325,145.02926636,2,1,1,$270,Unit/apmt,2006-11-01,3204,BENTLEIGH,270,2006,11
3654,"6/13 PHILLIP STREET, BENTLEIGH",-37.92409,145.034414,2,1,1,$195,none,2006-12-01,3204,BENTLEIGH,195,2006,12
4254,"8/207 CENTRE ROAD, BENTLEIGH",-37.9168129,145.02645874,2,1,1,$235,Rental_residential,2006-11-01,3204,BENTLEIGH,235,2006,11
5048,"1 HOWITT COURT, BERWICK",-38.02383,145.32452,4,2,2,$230,House,2006-11-01,3806,BERWICK,230,2006,11
5287,"10/10 PARKHILL DRIVE, BERWICK",-38.02732468,145.32804871,3,2,1,$250,Townhouse,2006-11-01,3806,BERWICK,250,2006,11
5639,"9 SPOONBILL STREET, BERWICK",-38.062788,145.332992,4,2,2,$290,House,2006-11-01,3806,BERWICK,290,2006,11
6964,"2/27 MARGARET STREET, BERWICK",-38.03538132,145.34059143,3,1,1,$175,Unit/apmt,2006-10-01,3806,BERWICK,175,2006,10
9353,"1/6 FIRST STREET, BLACK ROCK",-37.97750854,145.01922607,2,1,1,$230,none,2006-11-01,3193,ROCK,230,2006,11
9765,"2 / 149 BLUFF ROAD, BLACK ROCK",-37.96472549,145.01823425,2,1,2,$350,none,2006-12-01,3193,ROCK,350,2006,12
10273,"8/85 SURREY ROAD, BLACKBURN NORTH",-37.807528,145.158979,1,1,1,$170,Rental_residential,2006-12-01,3130,NORTH,170,2006,12
10274,"8/85 SURREY ROAD, BLACKBURN NORTH",-37.807528,145.158979,1,1,1,$170_Week,Rental_residential,2006-11-01,3130,NORTH,170,2006,11
12214,"1/3 HINDON STREET, BLACKBURN",-37.8191185,145.14733887,2,1,2,$250,Unit/apmt,2006-11-01,3130,BLACKBURN,250,2006,11
2207,"25 MCNAMARA AVENUE, AIRPORT WEST",-37.729434,144.880894,3,1,1,$260,House,2006-12-01,3042,WEST,260,2006,12
2208,"25 MCNAMARA AVENUE, AIRPORT WEST",-37.729434,144.880894,3,1,1,$260_Week,House,2006-11-01,3042,WEST,260,2006,11
3619,"4/119 DANKS STREET, ALBERT PARK",-37.846203,144.949898,2,1,0,$310,none,2006-12-01,3206,PARK,310,2006,12
3799,"3/119 DANKS STREET, ALBERT PARK",-37.84621048,144.95018005,2,1,0,$350,Rental_residential,2006-10-01,3206,PARK,350,2006,10
4636,"41 WITHERS STREET, ALBERT PARK",-37.846134,144.947924,2,1,0,$450,House,2006-11-01,3206,PARK,450,2006,11
4749,"4/74 KERFERD ROAD, ALBERT PARK",-37.84446335,144.95593262,1,1,0,$195,none,2006-12-01,3206,PARK,195,2006,12
4824,"24 KERFERD PLACE, ALBERT PARK",-37.842067,144.957094,3,2,0,$600,House,2006-12-01,3206,PARK,600,2006,12
7110,"7 HANSEN STREET, ALTONA EAST",-37.839549,144.864444,4,2,2,$270,House,2006-10-01,3025,EAST,270,2006,10
8387,"1/45 EPSOM STREET, ALTONA MEADOWS",-37.86845398,144.7702179,2,1,1,$165,Unit,2006-11-01,3028,MEADOWS,165,2006,11
8575,"1/144 VICTORIA STREET, ALTONA MEADOWS",-37.87713623,144.78564453,2,1,1,$170,Unit,2006-11-01,3028,MEADOWS,170,2006,11
9268,"266 MASON STREET, ALTONA NORTH",-37.83944,144.857988,3,1,3,$280,House,2006-11-01,3025,NORTH,280,2006,11
9315,"1A BERKELEY CRESCENT, ALTONA NORTH",-37.845944,144.847562,2,2,1,$190,House,2006-10-01,3025,NORTH,190,2006,10
10337,"108 THIRD AVENUE, ALTONA NORTH",-37.831939,144.853487,3,2,1,$320,House,2006-11-01,3025,NORTH,320,2006,11
12635,"4/163 QUEEN STREET, ALTONA",-37.86948776,144.82568359,2,1,1,$240,none,2006-11-01,3018,ALTONA,240,2006,11
371,"7 / 40-42 CALDER STREET, MANIFOLD HEIGHTS",-38.14372253,144.33163452,1,1,1,$110,Unit/apmt,2006-11-01,3218,HEIGHTS,110,2006,11
2687,"1/12 NAVIGATOR STREET, MARIBYRNONG",-37.76811981,144.89854431,1,1,1,$175,Unit,2006-12-01,3032,MARIBYRNONG,175,2006,12
3223,"10/82 RALEIGH ROAD, MARIBYRNONG",-37.768881,144.891825,2,1,1,$220,none,2006-12-01,3032,MARIBYRNONG,220,2006,12
3263,"5/91 RALEIGH ROAD, MARIBYRNONG",-37.76910782,144.89178467,3,1,2,$280,Townhouse,2006-12-01,3032,MARIBYRNONG,280,2006,12
4116,"37 FORGE CLOSE, MARIBYRNONG",-37.773245,144.879261,3,2,2,$345,Townhouse,2006-11-01,3032,MARIBYRNONG,345,2006,11
4387,"4/11 CHIFLEY DRIVE, MARIBYRNONG",-37.76827621,144.90118408,2,1,1,$170,Rental_residential,2006-11-01,3032,MARIBYRNONG,170,2006,11
6616,"2/11 GLEN ORME AVENUE, MCKINNON",-37.91093,145.037485,2,1,1,$240_Week,none,2006-10-01,3204,MCKINNON,240,2006,10
6617,"2/11 GLEN ORME AVENUE, MCKINNON",-37.91093,145.037485,2,1,1,$240,none,2006-10-01,3204,MCKINNON,240,2006,10
7958,"8 CARTWRIGHT COURT, MEENIYAN",-38.581807,146.008969,3,1,1,$155_Week,House,2006-11-01,3956,MEENIYAN,155,2006,11
8067,"325 COLLINS STREET, MELBOURNE",-37.81647873,144.96333313,2,2,1,$630_pw,Available Now,2006-11-01,3000,MELBOURNE,630,2006,11
8068,"325 COLLINS STREET, MELBOURNE",-37.81647873,144.96333313,2,2,1,$330_pw,Available Now,2006-10-01,3000,MELBOURNE,330,2006,10
8069,"325 COLLINS STREET, MELBOURNE",-37.81647873,144.96333313,2,2,1,$630_pw,Available Now,2006-10-01,3000,MELBOURNE,630,2006,10
226,"32 GRESSWELL PARK DRIVE, WATSONIA",-37.710506,145.075021,3,2,2,$310,none,2006-12-01,3087,WATSONIA,310,2006,12
227,"32 GRESSWELL PARK DRIVE, WATSONIA",-37.710506,145.075021,3,2,2,$310_Week,none,2006-11-01,3087,WATSONIA,310,2006,11
4878,"1 GILES COURT, WERRIBEE",-37.886405,144.672862,3,2,2,$180_Week,House,2006-11-01,3030,WERRIBEE,180,2006,11
4879,"1 GILES COURT, WERRIBEE",-37.886405,144.672862,3,2,2,$180,House,2006-11-01,3030,WERRIBEE,180,2006,11
5801,"28 WERRIMULL SOUTH ROAD, WERRIMULL",-34.390058,141.595836,1,1,0,$120_Week,House,2006-11-01,3496,WERRIMULL,120,2006,11
5845,"20 FOREST ROAD, WESBURN",-37.786008,145.65471,2,1,1,$195_Week,House,2006-11-01,3799,WESBURN,195,2006,11
8511,"2 HESSE COURT, WESTMEADOWS",-37.670225,144.902533,3,1,3,$200_Week,Available Now,2006-10-01,3049,WESTMEADOWS,200,2006,10
8768,"2 DOOEN COURT, WESTMEADOWS",-37.674216,144.901534,2,1,1,$220,House,2006-12-01,3049,WESTMEADOWS,220,2006,12
8769,"2 DOOEN COURT, WESTMEADOWS",-37.674216,144.901534,2,1,1,$220_Week,House,2006-11-01,3049,WESTMEADOWS,220,2006,11
9356,"6 BASIL CRESCENT, WHEELERS HILL",-37.904682,145.197667,5,3,4,$420,House,2006-11-01,3150,HILL,420,2006,11
9396,"50 EARLWOOD DRIVE, WHEELERS HILL",-37.910826,145.178225,3,1,2,$350,House,2006-11-01,3150,HILL,350,2006,11
175,"11 GREY ROAD, DARLIMURLA",-38.374746,146.182989,4,2,2,$250_Week,House,2006-11-01,3871,DARLIMURLA,250,2006,11
176,"11 GREY ROAD, DARLIMURLA",-38.374746,146.182989,4,2,2,$250_Week,House,2006-11-01,3871,DARLIMURLA,250,2006,11
1363,"2/58 DOHERTY STREET, DEER PARK",-37.767467,144.763857,2,1,1,$180_Week,Unit/apmt,2006-11-01,3023,PARK,180,2006,11
1670,"1/20 DEER STREET, DEER PARK",-37.769226,144.758012,3,1,1,$200,Unit/apmt,2006-12-01,3023,PARK,200,2006,12
2336,"2/1 PLATH CLOSE, DELAHEY",-37.718407,144.78058,3,1,1,$185_Week,Unit/apmt,2006-11-01,3037,DELAHEY,185,2006,11
2788,"12 GRANITE WAY, DELAHEY",-37.722019,144.766372,3,2,4,$230,House,2006-11-01,3037,DELAHEY,230,2006,11
303,"54 MURRAY VALLEY HIGHWAY, NYAH",-35.17561,143.37736,3,1,2,$160_Week,House,2006-11-01,3594,NYAH,160,2006,11
304,"54 MURRAY VALLEY HIGHWAY, NYAH",-35.17561,143.37736,3,1,2,$160_Week,House,2006-11-01,3594,NYAH,160,2006,11
676,"3/22 GREGORY STREET, OAK PARK",-37.72228241,144.91589355,2,1,1,$270,none,2006-11-01,3046,PARK,270,2006,11
691,"3/59-61 RHODES PARADE, OAK PARK",-37.715213,144.925254,2,1,1,$180,Rental_residential,2006-12-01,3046,PARK,180,2006,12
692,"3/59-61 RHODES PARADE, OAK PARK",-37.715213,144.925254,2,1,1,$180_Week,Rental_residential,2006-11-01,3046,PARK,180,2006,11
3789,"23/82-86 ATHERTON RD, OAKLEIGH",-37.899303,145.093684,1,1,1,$280,Unit/apmt,2006-12-01,3166,OAKLEIGH,280,2006,12
3997,"11/10 ALBERT AVENUE, OAKLEIGH",-37.89820099,145.09455872,2,1,1,$240,Unit/apmt,2006-11-01,3166,OAKLEIGH,240,2006,11
7429,"7/498 NORTH ROAD, ORMOND",-37.90391922,145.03788757,2,2,2,$325,none,2006-11-01,3204,ORMOND,325,2006,11
11639,"8 / 174 BEACH ROAD, PARKDALE",-38.00301361,145.07955933,2,1,1,$250,none,2006-12-01,3195,PARKDALE,250,2006,12
30,"RMB 6635 HALLS AND PORCHES ROAD, NILMA NORTH",-38.1449666,145.9868351,1,1,1,$587,House,2006-11-01,3821,NORTH,587,2006,11
31,"RMB 6635 HALLS AND PORCHES ROAD, NILMA NORTH",-38.1449666,145.9868351,1,1,1,$587,House,2006-11-01,3821,NORTH,587,2006,11
1908,"15/28-30 DUNBLANE ROAD, NOBLE PARK",-37.96305084,145.1803894,2,1,2,$265,Townhouse,2006-12-01,3174,PARK,265,2006,12
2620,"2 SIMPSON STREET, NOBLE PARK",-37.964773,145.166772,3,1,2,$245,none,2006-10-01,3174,PARK,245,2006,10
7855,"A12/335 ABBOTSFORD STREET, NORTH MELBOURNE",-37.799318,144.945801,1,1,1,$200_Week,Unit,2006-10-01,3051,MELBOURNE,200,2006,10
8205,"14/342 DRYBURGH STREET, NORTH MELBOURNE",-37.80441,144.943285,2,1,1,$280_Week,Unit,2006-10-01,3051,MELBOURNE,280,2006,10
11322,"15 HARPER STREET, NORTHCOTE",-37.780632,145.001684,3,1,1,$330,House,2006-11-01,3070,NORTHCOTE,330,2006,11
11858,"9/6 MCCRACKEN AVENUE, NORTHCOTE",-37.77228,144.99938,2,1,1,$210,Unit/apmt,2006-11-01,3070,NORTHCOTE,210,2006,11
12749,"1/6-12 PEARL STREET, NORTHCOTE",-37.778889,144.997477,2,1,2,$330,none,2006-11-01,3070,NORTHCOTE,330,2006,11
13403,"13/54 JAMES STREET, NORTHCOTE",-37.77548218,144.9987793,2,1,1,$280,none,2006-10-01,3070,NORTHCOTE,280,2006,10
520,"20 MASON STREET, REGENT WEST",-37.73386,145.008343,3,1,4,$340,House,2006-12-01,3073,WEST,340,2006,12
521,"20 MASON STREET, REGENT WEST",-37.73386,145.008343,3,1,4,$340,House,2006-12-01,3073,WEST,340,2006,12
522,"23 QUEEN STREET, REGENT WEST",-37.7118644,145.0107588,4,2,0,$330,House,2006-12-01,3073,WEST,330,2006,12
523,"23 QUEEN STREET, REGENT WEST",-37.7118644,145.0107588,4,2,0,$330,House,2006-12-01,3073,WEST,330,2006,12
524,"17 PERSHING STREET, REGENT WEST",-37.72550583,144.99414062,2,1,1,$215,House,2006-11-01,3073,WEST,215,2006,11
525,"17 PERSHING STREET, REGENT WEST",-37.72550583,144.99414062,2,1,1,$215,House,2006-12-01,3073,WEST,215,2006,12
526,"17 PERSHING STREET, REGENT WEST",-37.72550583,144.99414062,2,1,1,$220,House,2006-11-01,3073,WEST,220,2006,11
527,"44 RONA STREET, REGENT WEST",-37.732672,145.022008,2,1,1,$250,House,2006-11-01,3073,WEST,250,2006,11
528,"44 RONA STREET, REGENT WEST",-37.732672,145.022008,2,1,1,$250,House,2006-11-01,3073,WEST,250,2006,11
538,"17 KALIMNA STREET, REGENT",-37.730026,144.997103,3,2,1,$390,Townhouse,2006-12-01,3073,REGENT,390,2006,12
539,"17 KALIMNA STREET, REGENT",-37.730026,144.997103,3,2,1,$390,Townhouse,2006-12-01,3073,REGENT,390,2006,12
540,"105 SPRING STREET, REGENT",-37.729217,145.000633,4,2,3,$300,House,2006-12-01,3073,REGENT,300,2006,12
541,"105 SPRING STREET, REGENT",-37.729217,145.000633,4,2,3,$300,House,2006-12-01,3073,REGENT,300,2006,12
2224,"1/54-56 ST VIGEONS ROAD, RESERVOIR",-37.706804,145.02706,2,1,1,$170,Rental_residential,2006-12-01,3073,RESERVOIR,170,2006,12
2877,"2/200 EDWARDES STREET, RESERVOIR",-37.71141052,144.99343872,1,1,1,$145,Unit/apmt,2006-11-01,3073,RESERVOIR,145,2006,11
3044,"6/261-263 BROADWAY, RESERVOIR",-37.71721649,145.00976562,1,1,1,$200,none,2006-11-01,3073,RESERVOIR,200,2006,11
3336,"2/835 PLENTY ROAD, RESERVOIR",-37.72390366,145.02740479,3,1,2,$210,Available Now,2006-12-01,3073,RESERVOIR,210,2006,12
3612,"2/72 BARTON STREET, RESERVOIR",-37.710979,144.998688,3,1,1,$250,Unit/apmt,2006-11-01,3073,RESERVOIR,250,2006,11
4230,"1/32 DRYSDALE STREET, RESERVOIR",-37.72924042,145.02259827,1,1,1,$200,Unit/apmt,2006-11-01,3073,RESERVOIR,200,2006,11
4651,"162 MARY STREET, RICHMOND",-37.824732,145.000981,2,2,2,$475,Townhouse,2006-11-01,3121,RICHMOND,475,2006,11
4835,"9/23 DAVISON STREET, RICHMOND",-37.813077,145.008279,1,1,1,$180,Unit,2006-12-01,3121,RICHMOND,180,2006,12
6129,"4/81 EDINBURGH STREET, RICHMOND",-37.825782,145.005652,1,1,1,$210,Rental_residential,2006-11-01,3121,RICHMOND,210,2006,11
6246,"2/30 TANNER STREET, RICHMOND",-37.823197,144.991699,1,1,1,$290,Unit/apmt,2006-12-01,3121,RICHMOND,290,2006,12
6619,"7/26 DAVISON STREET, RICHMOND",-37.81244659,145.00810242,1,1,1,$185,none,2006-12-01,3121,RICHMOND,185,2006,12
7123,"55 BUNTING STREET, RICHMOND",-37.825307,145.009273,2,1,0,$310,House,2006-10-01,3121,RICHMOND,310,2006,10
8126,"80 SOMERSET STREET, RICHMOND",-37.815954,145.004037,2,1,0,$350_Week,House,2006-11-01,3121,RICHMOND,350,2006,11
8127,"80 SOMERSET STREET, RICHMOND",-37.815954,145.004037,2,1,0,$350,House,2006-11-01,3121,RICHMOND,350,2006,11
8651,"3/5 MARWARRA STREET, RINGWOOD EAST",-37.818551,145.24441,2,1,1,$200_Week,Rental_residential,2006-11-01,3135,EAST,200,2006,11
9140,"16 MARWARRA STREET, RINGWOOD EAST",-37.81597,145.242518,3,1,2,$265,House,2006-11-01,3135,EAST,265,2006,11
11066,"10/35-39 BOURKE STREET, RINGWOOD",-37.8134346,145.22195435,2,2,1,$320,Unit/apmt,2006-12-01,3134,RINGWOOD,320,2006,12
12204,"1/23 WILANA STREET, RINGWOOD",-37.816566,145.232972,2,1,2,$225,none,2006-11-01,3134,RINGWOOD,225,2006,11
12362,"1/5 IRELAND STREET, RINGWOOD",-37.822419,145.228862,3,1,1,$300,Unit/apmt,2006-11-01,3134,RINGWOOD,300,2006,11
956,"10 COULSTOCK STREET, EPPING",-37.650232,145.032922,2,1,2,$220,House,2006-12-01,3076,EPPING,220,2006,12
957,"10 COULSTOCK STREET, EPPING",-37.650232,145.032922,2,1,2,$220_Week,House,2006-11-01,3076,EPPING,220,2006,11
2037,"2/92 KERFERD STREET, ESSENDON NORTH",-37.736158,144.899935,2,1,1,$185,Unit/apmt,2006-12-01,3041,NORTH,185,2006,12
2508,"2/220 PASCOE VALE ROAD, ESSENDON",-37.75356674,144.92591858,1,1,1,$155,Rental_residential,2006-11-01,3040,ESSENDON,155,2006,11
2750,"1/110 BRADSHAW STREET, ESSENDON",-37.73928833,144.89573669,3,1,1,$360_Week,Townhouse,2006-11-01,3040,ESSENDON,360,2006,11
2751,"1/110 BRADSHAW STREET, ESSENDON",-37.73928833,144.89573669,3,1,1,$360,Townhouse,2006-11-01,3040,ESSENDON,360,2006,11
2752,"1/110 BRADSHAW STREET, ESSENDON",-37.73928833,144.89573669,3,1,1,$375_Week,Townhouse,2006-11-01,3040,ESSENDON,375,2006,11
2753,"1/110 BRADSHAW STREET, ESSENDON",-37.73928833,144.89573669,3,1,1,$360,Townhouse,2006-10-01,3040,ESSENDON,360,2006,10
2990,"15/56 NICHOLSON STREET, ESSENDON",-37.75204468,144.92121887,1,1,1,$200,none,2006-11-01,3040,ESSENDON,200,2006,11
3380,"2 / 5 KALIMNA STREET, ESSENDON",-37.7502594,144.92277527,2,1,1,$190,none,2006-10-01,3040,ESSENDON,190,2006,10
3978,"54 SPENCER STREET, ESSENDON",-37.746524,144.903275,3,2,3,$865,House,2006-11-01,3040,ESSENDON,865,2006,11
4587,"4/30 RICHARDSON STREET, ESSENDON",-37.75121689,144.91326904,1,1,1,$195,Rental_residential,2006-11-01,3040,ESSENDON,195,2006,11
5239,"4/23 HODDLE STREET, ESSENDON",-37.75555,144.922925,2,1,1,$280_Week,Rental_residential,2006-11-01,3040,ESSENDON,280,2006,11
6576,"4/10 STATION STREET, FAIRFIELD",-37.78393936,145.01708984,1,1,1,$165,Unit/apmt,2006-11-01,3078,FAIRFIELD,165,2006,11
6945,"10/42 GILLIES STREET, FAIRFIELD",-37.78032684,145.01652527,1,1,1,$160,none,2006-10-01,3078,FAIRFIELD,160,2006,10
8051,"5 WURRUK STREET, FAWKNER",-37.712823,144.971437,3,1,2,$200_Week,House,2006-11-01,3060,FAWKNER,200,2006,11
8052,"5 WURRUK STREET, FAWKNER",-37.712823,144.971437,3,1,2,$200_Wk,House,2006-11-01,3060,FAWKNER,200,2006,11
9674,"54 AUSTIN STREET, FERNTREE GULLY",-37.881232,145.286142,2,1,1,$195_Week,none,2006-10-01,3156,GULLY,195,2006,10
11064,"14/55 YORK STREET, FITZROY NORTH",-37.79171753,144.97802734,2,1,1,$300_Week,Unit/apmt,2006-11-01,3068,NORTH,300,2006,11
11360,"4 TRANMERE STREET, FITZROY NORTH",-37.78478,144.9817,3,1,1,$360,none,2006-10-01,3068,NORTH,360,2006,10
11909,"167 SCOTCHMER STREET, FITZROY NORTH",-37.783303,144.984943,2,1,1,$390,Rental_residential,2006-11-01,3068,NORTH,390,2006,11
12736,"2/50 SPRING STREET, FITZROY",-37.79582214,144.97654724,2,1,1,$420,Rental_residential,2006-11-01,3065,FITZROY,420,2006,11
13543,"3/55 NAPIER STREET, FITZROY",-37.80650711,144.97917175,1,1,0,$170,Unit/apmt,2006-10-01,3065,FITZROY,170,2006,10
13914,"11/41 NAPIER STREET, FITZROY",-37.80696106,144.9790802,1,1,0,$210,Rental_residential,2006-11-01,3065,FITZROY,210,2006,11
14232,"10 LEICESTER STREET, FITZROY",-37.795203,144.976317,3,2,0,$460,Rental_residential,2006-12-01,3065,FITZROY,460,2006,12
14349,"313 YOUNG STREET, FITZROY",-37.796471,144.979813,2,1,0,$340,House,2006-11-01,3065,FITZROY,340,2006,11
206,"1/33 SEYMOUR GROVE, CAMBERWELL",-37.83588409,145.0581665,2,1,1,$250,Rental_residential,2006-10-01,3124,CAMBERWELL,250,2006,10
465,"6/11 SEYMOUR GROVE, CAMBERWELL",-37.83608246,145.05992126,2,1,1,$240,none,2006-11-01,3124,CAMBERWELL,240,2006,11
3602,"2/892 BURKE ROAD, CANTERBURY",-37.81732178,145.05955505,2,1,1,$250,Unit/apmt,2006-11-01,3126,CANTERBURY,250,2006,11
3643,"1/147 PROSPECT HILL ROAD, CANTERBURY",-37.82987976,145.07504272,2,1,1,$275,none,2006-11-01,3126,CANTERBURY,275,2006,11
4816,"27 KENDALL AVENUE, CAPE WOOLAMAI",-38.527479,145.332007,4,2,0,$1100_Week,House,2006-11-01,3925,WOOLAMAI,1100,2006,11
6956,"521 NICHOLSON STREET, CARLTON NORTH",-37.787286,144.976534,2,1,0,$350,none,2006-11-01,3054,NORTH,350,2006,11
7102,"11/1023 RATHDOWNE STREET, CARLTON NORTH",-37.780777,144.973176,2,1,1,$320,Rental_residential,2006-12-01,3054,NORTH,320,2006,12
7587,"93 FENWICK STREET, CARLTON NORTH",-37.787868,144.973111,2,1,1,$400_-_$420,none,2006-10-01,3054,NORTH,420,2006,10
7704,"46 KEELEY LANE, CARLTON NORTH",-37.782538,144.969366,1,1,1,$300,Townhouse,2006-11-01,3054,NORTH,300,2006,11
8471,"6/26 GARTON STREET, CARLTON NORTH",-37.78432846,144.96389771,1,1,1,$195,Unit/apmt,2006-11-01,3054,NORTH,195,2006,11
8721,"112 PATERSON STREET, CARLTON NORTH",-37.782499,144.965703,2,1,0,$330,Rental_residential,2006-11-01,3054,NORTH,330,2006,11
8888,"817 RATHDOWNE STREET, CARLTON NORTH",-37.785312,144.972306,3,1,0,$485,Rental_residential,2006-11-01,3054,NORTH,485,2006,11
8928,"173 FENWICK STREET, CARLTON NORTH",-37.787526,144.97002,3,1,0,$380,House,2006-11-01,3054,NORTH,380,2006,11
9446,"23/25 BARKLY STREET, CARLTON",-37.79850006,144.97451782,2,1,1,$300,none,2006-12-01,3053,CARLTON,300,2006,12
9781,"32 RATHDOWNE STREET, CARLTON",-37.799761,144.970378,1,1,0,$250,Terrace,2006-10-01,3053,CARLTON,250,2006,10
11083,"20/100 QUEENSBERRY STREET, CARLTON",-37.80461884,144.96565247,2,1,1,$380,Unit/apmt,2006-12-01,3053,CARLTON,380,2006,12
11752,"926 SWANSTON STREET, CARLTON",-37.79476,144.9652,4,1,1,$550,Available Now,2006-11-01,3053,CARLTON,550,2006,11
11826,"22/109 LYGON STREET, CARLTON",-37.80450821,144.96600342,1,1,1,$180,Studio,2006-11-01,3053,CARLTON,180,2006,11
12029,"68 PALMERSTON STREET, CARLTON",-37.796321,144.972642,3,2,1,$550,House,2006-10-01,3053,CARLTON,550,2006,10
12608,"7/35 TRANMERE AVENUE, CARNEGIE",-37.89057922,145.06112671,2,1,1,$235,Rental_residential,2006-11-01,3163,CARNEGIE,235,2006,11
12609,"7/35 TRANMERE AVENUE, CARNEGIE",-37.89057922,145.06112671,2,1,1,$235,Rental_residential,2006-10-01,3163,CARNEGIE,235,2006,10
13690,"2/317 NEERIM ROAD, CARNEGIE",-37.889403,145.057546,1,1,0,$170_Week,Unit/apmt,2006-10-01,3163,CARNEGIE,170,2006,10
14155,"8/19 EDGEWOOD STREET, CARNEGIE",-37.887194,145.052204,2,1,1,$220,Unit/apmt,2006-12-01,3163,CARNEGIE,220,2006,12
15407,"8 / 41 SHEPPARSON AVENUE, CARNEGIE",-37.89133072,145.05758667,1,1,1,$175,none,2006-11-01,3163,CARNEGIE,175,2006,11
15408,"8 / 41 SHEPPARSON AVENUE, CARNEGIE",-37.89133072,145.05758667,1,1,1,$175,none,2006-10-01,3163,CARNEGIE,175,2006,10
1720,"1/18 VIEW ROAD, BAYSWATER",-37.84173,145.26193,3,1,2,$245_Week,none,2006-11-01,3153,BAYSWATER,245,2006,11
3427,"17 CANBERRA GROVE, BEAUMARIS",-37.976773,145.042391,4,2,2,$1560,House,2006-11-01,3193,BEAUMARIS,1560,2006,11
3724,"447A BALCOMBE ROAD, BEAUMARIS",-37.978367,145.03529,4,2,2,$900,none,2006-11-01,3193,BEAUMARIS,900,2006,11
5074,"3 MERRIGUM LANE, BELGRAVE",-37.915338,145.342558,4,2,1,$310,House,2006-11-01,3160,BELGRAVE,310,2006,11
6696,"6 APALOOSA COURT, BELMONT",-38.191142,144.330301,3,2,2,$230,Rental_residential,2006-10-01,3216,BELMONT,230,2006,10
8402,"5/32 HOPETOUN STREET, BENDIGO",-36.75617218,144.28753662,2,1,1,$150,Unit/apmt,2006-11-01,3550,BENDIGO,150,2006,11
10498,"40A EAGLEHAWK ROAD, BENDIGO",-36.755546,144.26572,3,1,1,$150,House,2006-11-01,3550,BENDIGO,150,2006,11
146,"2/10 CASTLEY CRESCENT, BRAYBROOK",-37.78360748,144.86009216,1,1,1,$200,none,2006-10-01,3019,BRAYBROOK,200,2006,10
215,"26 TRELOAR CRESCENT, BRAYBROOK",-37.78519,144.84761,3,1,1,$170_Week,House,2006-11-01,3019,BRAYBROOK,170,2006,11
216,"26 TRELOAR CRESCENT, BRAYBROOK",-37.78519,144.84761,3,1,1,$170,House,2006-11-01,3019,BRAYBROOK,170,2006,11
4248,"4/284 NEW STREET, BRIGHTON",-37.90653229,144.9929657,2,1,1,$425,Unit/apmt,2006-10-01,3186,BRIGHTON,425,2006,10
5289,"1/133 COCHRANE STREET, BRIGHTON",-37.89300156,144.9997406,4,2,2,$330,none,2006-11-01,3186,BRIGHTON,330,2006,11
5290,"1/133 COCHRANE STREET, BRIGHTON",-37.89300156,144.9997406,4,2,2,$330,none,2006-10-01,3186,BRIGHTON,330,2006,10
7122,"55 ACADEMY DRIVE, BROADMEADOWS",-37.673805,144.944046,3,2,2,$230_Week,House,2006-11-01,3047,BROADMEADOWS,230,2006,11
7200,"9B STANHOPE STREET, BROADMEADOWS",-37.686229,144.934605,1,1,1,$120_Week,Unit,2006-11-01,3047,BROADMEADOWS,120,2006,11
10697,"6/40 CUMMING STREET, BRUNSWICK WEST",-37.760921,144.943922,2,1,1,$200_Week,Unit/apmt,2006-10-01,3055,WEST,200,2006,10
10698,"6/40 CUMMING STREET, BRUNSWICK WEST",-37.760921,144.943922,2,1,1,$210,Unit/apmt,2006-10-01,3055,WEST,210,2006,10
11246,"7/558 MORELAND ROAD, BRUNSWICK WEST",-37.754319,144.954044,1,1,1,$160,Rental_residential,2006-11-01,3055,WEST,160,2006,11
12864,"14 ASHMORE STREET, BRUNSWICK",-37.763478,144.971348,2,1,0,$280,House,2006-11-01,3056,BRUNSWICK,280,2006,11
12904,"3/13 LUSCOMBE STREET, BRUNSWICK",-37.77632141,144.96832275,1,1,1,$180,Unit/apmt,2006-12-01,3056,BRUNSWICK,180,2006,12
13112,"53 DUNSTAN AVENUE, BRUNSWICK",-37.757826,144.973387,2,1,0,$260,Rental_residential,2006-11-01,3056,BRUNSWICK,260,2006,11
45,"13 THE CREST, ATTWOOD",-37.6734,144.888719,4,2,2,$290,none,2006-10-01,3049,ATTWOOD,290,2006,10
1475,"58 MACEY AVENUE, AVONDALE HEIGHTS",-37.763524,144.863893,3,1,1,$210,Rental_residential,2006-12-01,3034,HEIGHTS,210,2006,12
1592,"473 BELGRAVE-GEMBROOK ROAD, AVONSLEIGH",-37.924614,145.47316,3,2,1,$205_Week,none,2006-11-01,3782,AVONSLEIGH,205,2006,11
3803,"9/21 CHUSAN STREET, BALACLAVA",-37.86719,144.99903,1,1,1,$160,Rental_residential,2006-12-01,3183,BALACLAVA,160,2006,12
5640,"3/15 AQUILA COURT, BALLARAT NORTH",-37.54381,143.86977,1,1,1,$120_Week,Unit/apmt,2006-10-01,3350,NORTH,120,2006,10
7016,"210 NEILL STREET, BALLARAT",-37.55631,143.860517,3,1,1,$220,none,2006-10-01,3350,BALLARAT,220,2006,10
8093,"300 STAUGHTON VALE ROAD, BALLIANG",-37.86424065,144.27925515,4,2,4,$270_Week,House,2006-11-01,3340,BALLIANG,270,2006,11
8929,"5 LEXTON STREET, BALWYN NORTH",-37.800577,145.067599,2,1,1,$280,House,2006-11-01,3104,NORTH,280,2006,11
9564,"4/178 DONCASTER ROAD, BALWYN NORTH",-37.79467392,145.08302307,3,1,1,$220,none,2006-10-01,3104,NORTH,220,2006,10
10129,"10/3 BOSTON ROAD, BALWYN",-37.81676102,145.0771637,2,1,1,$255,none,2006-12-01,3103,BALWYN,255,2006,12
10874,"1/1 PARRING ROAD, BALWYN",-37.81316757,145.09060669,2,2,1,$395,Available Now,2006-12-01,3103,BALWYN,395,2006,12
11628,"2/8 BEVAN STREET, BALWYN",-37.812674,145.074864,2,1,1,$250,Rental_residential,2006-12-01,3103,BALWYN,250,2006,12
1198,"3/1 ALFRED PLACE, WILLIAMSTOWN",-37.8587265,144.89981079,2,1,2,$330,Unit/apmt,2006-11-01,3016,WILLIAMSTOWN,330,2006,11
1554,"3/88 VICTORIA STREET, WILLIAMSTOWN",-37.86087418,144.88912964,2,1,1,$230,none,2006-12-01,3016,WILLIAMSTOWN,230,2006,12
1555,"3/88 VICTORIA STREET, WILLIAMSTOWN",-37.86087418,144.88912964,2,1,1,$230,none,2006-11-01,3016,WILLIAMSTOWN,230,2006,11
1711,"23 CASPIAN TERRACE, WILLIAMSTOWN",-37.858435,144.874358,5,3,2,$570,House,2006-12-01,3016,WILLIAMSTOWN,570,2006,12
1929,"27 JAMES STREET, WILLIAMSTOWN",-37.857491,144.900065,3,1,1,$300_Week,House,2006-11-01,3016,WILLIAMSTOWN,300,2006,11
1930,"27 JAMES STREET, WILLIAMSTOWN",-37.857491,144.900065,3,1,1,$270,House,2006-10-01,3016,WILLIAMSTOWN,270,2006,10
2158,"12/14 STEVEDORE STREET, WILLIAMSTOWN",-37.857257,144.901216,1,1,1,$170_Week,Unit/apmt,2006-11-01,3016,WILLIAMSTOWN,170,2006,11
2260,"158B CECIL STREET, WILLIAMSTOWN",-37.860876,144.899932,3,1,1,$360,House,2006-12-01,3016,WILLIAMSTOWN,360,2006,12
2991,"3/81 PASCO STREET, WILLIAMSTOWN",-37.86319733,144.89515686,2,1,1,$350,none,2006-12-01,3016,WILLIAMSTOWN,350,2006,12
2992,"3/81 PASCO STREET, WILLIAMSTOWN",-37.86319733,144.89515686,2,1,1,$320,none,2006-12-01,3016,WILLIAMSTOWN,320,2006,12
3435,"31 RAILWAY CRESCENT, WILLIAMSTOWN",-37.866242,144.899589,2,1,0,$290,none,2006-12-01,3016,WILLIAMSTOWN,290,2006,12
3436,"31 RAILWAY CRESCENT, WILLIAMSTOWN",-37.866242,144.899589,2,1,0,$300,none,2006-11-01,3016,WILLIAMSTOWN,300,2006,11
3835,"2 MACLEAN STREET, WILLIAMSTOWN",-37.858546,144.89958,3,1,1,$300,House,2006-12-01,3016,WILLIAMSTOWN,300,2006,12
3836,"2 MACLEAN STREET, WILLIAMSTOWN",-37.858546,144.89958,3,1,1,$300_Week,House,2006-11-01,3016,WILLIAMSTOWN,300,2006,11
3992,"152 CECIL STREET, WILLIAMSTOWN",-37.861602,144.900153,2,1,0,$380,Rental_residential,2006-12-01,3016,WILLIAMSTOWN,380,2006,12
5180,"21/K5 HIGH STREET, WINDSOR",-37.85472,144.99214,1,1,1,$160,Unit/apmt,2006-10-01,3181,WINDSOR,160,2006,10
5288,"23/174 PEEL STREET, WINDSOR",-37.85627747,144.99160767,1,1,1,$300,Unit/apmt,2006-12-01,3181,WINDSOR,300,2006,12
5791,"1/30 AWBURN STREET, WODONGA",-36.127941,146.87982,2,1,1,$145,Unit/apmt,2006-11-01,3690,WODONGA,145,2006,11
7025,"2/2 BOWMAN COURT, WODONGA",-36.12877655,146.86358643,2,1,1,$210,Rental_residential,2006-11-01,3690,WODONGA,210,2006,11
7715,"4/6 SKIPTON COURT, WODONGA",-36.12986,146.907663,1,1,1,$150,Rental_residential,2006-11-01,3690,WODONGA,150,2006,11
765,"2/25 CHURCHILL STREET, DONCASTER EAST",-37.787203,145.160692,2,1,1,$220,none,2006-12-01,3109,EAST,220,2006,12
1027,"4/21 DEHNERT STREET, DONCASTER EAST",-37.7854805,145.14837646,2,1,1,$220,Unit/apmt,2006-12-01,3109,EAST,220,2006,12
1028,"4/21 DEHNERT STREET, DONCASTER EAST",-37.7854805,145.14837646,2,1,1,$220,Unit/apmt,2006-11-01,3109,EAST,220,2006,11
1376,"1/63 FRANKLIN ROAD, DONCASTER EAST",-37.78981018,145.16004944,2,1,1,$180,Unit/apmt,2006-11-01,3109,EAST,180,2006,11
1472,"1/232-234 BLACKBURN ROAD, DONCASTER EAST",-37.800255,145.159765,3,1,1,$255_Week,Unit/apmt,2006-11-01,3109,EAST,255,2006,11
3745,"5/10-16 WETHERBY ROAD, DONCASTER",-37.78806686,145.14378357,1,1,1,$160,Unit/apmt,2006-11-01,3108,DONCASTER,160,2006,11
3767,"9/10-16 WETHERBY ROAD, DONCASTER",-37.787964,145.143575,1,1,1,$165_Week,Unit/apmt,2006-11-01,3108,DONCASTER,165,2006,11
3945,"2/60 WHITTENS LANE, DONCASTER",-37.79232407,145.13069153,3,1,1,$260,Unit/apmt,2006-11-01,3108,DONCASTER,260,2006,11
4105,"6/55 WETHERBY ROAD, DONCASTER",-37.791657,145.1428,3,1,1,$280,Townhouse,2006-11-01,3108,DONCASTER,280,2006,11
1567,"4/4 HERBERT STREET, PASCOE VALE",-37.7253418,144.92185974,2,1,1,$300,Townhouse,2006-10-01,3044,VALE,300,2006,10
1614,"5/4 HERBERT STREET, PASCOE VALE",-37.7253418,144.92185974,2,1,1,$280,Townhouse,2006-10-01,3044,VALE,280,2006,10
1722,"4/16 ESSEX STREET, PASCOE VALE",-37.72719193,144.94721985,2,1,1,$245_Week,Rental_residential,2006-11-01,3044,VALE,245,2006,11
1723,"4/16 ESSEX STREET, PASCOE VALE",-37.72719193,144.94721985,2,1,1,$245,Rental_residential,2006-11-01,3044,VALE,245,2006,11
2333,"1/4 HERBERT STREET, PASCOE VALE",-37.725434,144.921734,2,2,1,$360,Townhouse,2006-10-01,3044,VALE,360,2006,10
3038,"13 KIAH COURT, PATTERSON LAKES",-38.062067,145.147337,2,1,1,$175,Unit/apmt,2006-11-01,3197,LAKES,175,2006,11
4359,"11 RIBBON COURT, PINES FOREST",-38.123512,145.155713,3,1,1,$175,House,2006-11-01,3200,FOREST,175,2006,11
4360,"11 RIBBON COURT, PINES FOREST",-38.123512,145.155713,3,1,1,$175,House,2006-11-01,3200,FOREST,175,2006,11
5977,"8/2A PARKSIDE STREET, ELSTERNWICK",-37.88569,145.011453,2,1,1,$250,Rental_residential,2006-12-01,3185,ELSTERNWICK,250,2006,12
5991,"3/2-4 KING STREET, ELSTERNWICK",-37.883388,145.006216,2,1,1,$275,Unit/apmt,2006-12-01,3185,ELSTERNWICK,275,2006,12
6434,"1/35 NEPEAN HIGHWAY, ELSTERNWICK",-37.88696671,145.00024414,3,2,1,$315,Rental_residential,2006-12-01,3185,ELSTERNWICK,315,2006,12
6610,"16/71 ALLISON ROAD, ELSTERNWICK",-37.88209534,145.01173401,1,1,1,$180,Rental_residential,2006-10-01,3185,ELSTERNWICK,180,2006,10
6945,"5/2 YORSTON COURT, ELSTERNWICK",-37.88478851,145.0085907,1,1,1,$270_Week,none,2006-11-01,3185,ELSTERNWICK,270,2006,11
6946,"5/2 YORSTON COURT, ELSTERNWICK",-37.88478851,145.0085907,1,1,1,$270,none,2006-10-01,3185,ELSTERNWICK,270,2006,10
7080,"7/11 HODDLE STREET, ELSTERNWICK",-37.88662338,145.01300049,2,2,1,$280,Rental_residential,2006-11-01,3185,ELSTERNWICK,280,2006,11
7081,"7/11 HODDLE STREET, ELSTERNWICK",-37.88662338,145.01300049,2,2,1,$280,Rental_residential,2006-10-01,3185,ELSTERNWICK,280,2006,10
8208,"12 BIRD STREET, ELTHAM",-37.713497,145.140108,3,1,1,$285,none,2006-12-01,3095,ELTHAM,285,2006,12
8360,"4/7 ADDISON STREET, ELWOOD",-37.87449646,144.98138428,2,1,1,$230,Unit/apmt,2006-11-01,3184,ELWOOD,230,2006,11
8431,"2/73 MARINE PARADE, ELWOOD",-37.8779335,144.97750854,2,1,0,$320,none,2006-10-01,3184,ELWOOD,320,2006,10
8459,"2/7 VAUTIER STREET, ELWOOD",-37.88594437,144.98690796,2,1,1,$290,none,2006-11-01,3184,ELWOOD,290,2006,11
8508,"7/493 ST KILDA STREET, ELWOOD",-37.885871,144.991683,2,1,1,$285,Unit/apmt,2006-12-01,3184,ELWOOD,285,2006,12
8888,"7/1 GLENHUNTLY ROAD, ELWOOD",-37.882121,144.982307,2,1,1,$420,Unit/apmt,2006-11-01,3184,ELWOOD,420,2006,11
9611,"9/25 BENDIGO AVENUE, ELWOOD",-37.8855629,144.98291016,1,1,1,$210,Rental_residential,2006-11-01,3184,ELWOOD,210,2006,11
9782,"70 FOAM STREET, ELWOOD",-37.888892,144.987924,3,2,1,$650,none,2006-11-01,3184,ELWOOD,650,2006,11
9859,"7/1 RUSKIN STREET, ELWOOD",-37.873806,144.98179626,2,1,1,$340,Unit/apmt,2006-12-01,3184,ELWOOD,340,2006,12
10030,"1/33 TENNYSON STREET, ELWOOD",-37.87562943,144.98812866,2,1,1,$440,Townhouse,2006-11-01,3184,ELWOOD,440,2006,11
10126,"4/31 DICKENS STREET, ELWOOD",-37.87264252,144.98431396,2,1,1,$270,Unit/apmt,2006-12-01,3184,ELWOOD,270,2006,12
10394,"4/16 DALEY STREET, ELWOOD",-37.883011,144.990456,2,1,1,$270,Unit/apmt,2006-12-01,3184,ELWOOD,270,2006,12
10668,"3/485 ST KILDA STREET, ELWOOD",-37.88633728,144.99147034,1,1,1,$215,Rental_residential,2006-11-01,3184,ELWOOD,215,2006,11
10681,"38 MEREDITH STREET, ELWOOD",-37.876841,144.978871,3,1,1,$550,none,2006-12-01,3184,ELWOOD,550,2006,12
11800,"5 / 12 SELWYN AVENUE, ELWOOD",-37.88494873,144.98449707,2,1,1,$360,none,2006-12-01,3184,ELWOOD,360,2006,12
11909,"1/1 CYRIL STREET, ELWOOD",-37.87695694,144.99107361,1,1,0,$260,Rental_residential,2006-12-01,3184,ELWOOD,260,2006,12
13376,"2 MILDURA CRESCENT, ENDEAVOUR HILLS",-37.972231,145.259027,3,2,1,$280_Week,House,2006-11-01,3802,HILLS,280,2006,11
13405,"35 AMALFI DRIVE, ENDEAVOUR HILLS",-37.978549,145.244563,4,1,3,$220_Week,House,2006-11-01,3802,HILLS,220,2006,11
13406,"35 AMALFI DRIVE, ENDEAVOUR HILLS",-37.978549,145.244563,4,1,3,$220,House,2006-11-01,3802,HILLS,220,2006,11
13476,"1/2 REED COURT, ENDEAVOUR HILLS",-37.969944,145.270665,3,1,1,$200_Week,Unit,2006-11-01,3802,HILLS,200,2006,11
13477,"1/2 REED COURT, ENDEAVOUR HILLS",-37.969944,145.270665,3,1,1,$200,Unit,2006-10-01,3802,HILLS,200,2006,10
13781,"1/17 BRAMWELL CLOSE, ENDEAVOUR HILLS",-37.99160385,145.26370239,2,1,1,$200_Week,Rental_residential,2006-11-01,3802,HILLS,200,2006,11
13782,"1/17 BRAMWELL CLOSE, ENDEAVOUR HILLS",-37.99160385,145.26370239,2,1,1,$200,Rental_residential,2006-11-01,3802,HILLS,200,2006,11
559,"149 WILLIAM STREET, ST ALBANS",-37.736411,144.805246,1,1,0,$185,House,2006-11-01,3021,ALBANS,185,2006,11
767,"440 MAIN ROAD WEST, ST ALBANS",-37.74265,144.787109,3,1,1,$190_Week,Rental_residential,2006-11-01,3021,ALBANS,190,2006,11
801,"38 STEVENS ROAD, ST ALBANS",-37.736473,144.78592,3,1,0,$200,none,2006-12-01,3021,ALBANS,200,2006,12
802,"38 STEVENS ROAD, ST ALBANS",-37.736473,144.78592,3,1,0,$200_Week,none,2006-11-01,3021,ALBANS,200,2006,11
951,"24 BELFORT STREET, ST ALBANS",-37.750598,144.818979,3,1,2,$175,Rental_residential,2006-12-01,3021,ALBANS,175,2006,12
3149,"17/220 BARKLY STREET, ST KILDA",-37.870521,144.980662,2,1,1,$335,Unit/apmt,2006-10-01,3182,KILDA,335,2006,10
3193,"4/48 DALGETY STREET, ST KILDA",-37.85935593,144.98078918,1,1,1,$245,Unit/apmt,2006-11-01,3182,KILDA,245,2006,11
3253,"4/25 BRIGHTON ROAD, ST KILDA",-37.86925507,144.98735046,1,1,1,$180,Rental_residential,2006-12-01,3182,KILDA,180,2006,12
3352,"11/4 ALFRED SQUARE, ST KILDA",-37.8645668,144.97425842,1,1,1,$300_Week,Available Now,2006-11-01,3182,KILDA,300,2006,11
3861,"9/1 DUKE STREET, ST KILDA",-37.86791229,144.9881134,2,1,2,$350,Unit/apmt,2006-10-01,3182,KILDA,350,2006,10
3990,"12/35 JACKSON STREET, ST KILDA",-37.86153412,144.97654724,1,1,0,$210,none,2006-11-01,3182,KILDA,210,2006,11
4018,"2/6 REDAN STREET, ST KILDA",-37.85961151,144.98886108,2,1,1,$250,none,2006-11-01,3182,KILDA,250,2006,11
4814,"9/32 WELLINGTON STREET, ST KILDA",-37.85681534,144.98510742,1,1,1,$180,Rental_residential,2006-10-01,3182,KILDA,180,2006,10
5142,"11/27 CHARNWOOD ROAD, ST KILDA",-37.858944,144.987172,2,1,1,$450,Unit/apmt,2006-12-01,3182,KILDA,450,2006,12
5177,"1/14 FOSTER STREET, ST KILDA",-37.86885452,144.98301697,2,1,0,$295,none,2006-11-01,3182,KILDA,295,2006,11
5203,"42/1 ST KILDA ROAD, ST KILDA",-37.8571876,144.9825378,1,1,1,$380_Week,Unit/apmt,2006-11-01,3182,KILDA,380,2006,11
6071,"7/12 PAKINGTON STREET, ST KILDA",-37.86569214,144.98716736,2,2,1,$450,Unit,2006-12-01,3182,KILDA,450,2006,12
6599,"13/116 INKERMAN STREET, ST KILDA",-37.864749,144.987229,1,1,1,$185,Rental_residential,2006-12-01,3182,KILDA,185,2006,12
6619,"2/24 ACLAND STREET, ST KILDA",-37.86486053,144.97648621,2,1,0,$350,Available Now,2006-11-01,3182,KILDA,350,2006,11
8364,"2/1 CLIFF AVENUE, STRATHDALE",-36.75572205,144.30984497,2,1,1,$150,Unit/apmt,2006-11-01,3550,STRATHDALE,150,2006,11
8707,"2/207 MCIVOR ROAD, STRATHDALE",-36.75861359,144.31510925,2,1,1,$160,Unit/apmt,2006-11-01,3550,STRATHDALE,160,2006,11
8960,"6/207 MCIVOR ROAD, STRATHDALE",-36.75861359,144.31510925,2,1,1,$180,Rental_residential,2006-12-01,3550,STRATHDALE,180,2006,12
586,"2/2 WARWICKSHIRE COURT, NARRE WARREN",-38.00614548,145.31900024,2,1,1,$185,Unit,2006-11-01,3805,WARREN,185,2006,11
851,"10 STRAWBENT RISE, NARRE WARREN",-38.022236,145.297033,3,1,2,$235,House,2006-11-01,3805,WARREN,235,2006,11
972,"13 ONYX COURT, NARRE WARREN",-37.998102,145.313889,3,1,2,$225_Week,House,2006-10-01,3805,WARREN,225,2006,10
1214,"8 ADELE CLOSE, NARRE WARREN",-38.009181,145.302245,3,1,0,$190,House,2006-12-01,3805,WARREN,190,2006,12
1215,"8 ADELE CLOSE, NARRE WARREN",-38.009181,145.302245,3,1,0,$190_Week,House,2006-11-01,3805,WARREN,190,2006,11
2149,"79 FLEETWOOD DRIVE, NARRE WARREN",-38.039565,145.313838,3,2,2,$235,Rental_residential,2006-11-01,3805,WARREN,235,2006,11
2718,"3 NOBELIUS AVENUE, NARRE WARREN",-38.025088,145.303529,2,1,2,$190_Week,House,2006-10-01,3805,WARREN,190,2006,10
6606,"2 DAVIES STREET, NEWPORT",-37.845216,144.887879,3,1,2,$280_New,none,2006-12-01,3015,NEWPORT,280,2006,12
6607,"2 DAVIES STREET, NEWPORT",-37.845216,144.887879,3,1,2,$280_New,none,2006-10-01,3015,NEWPORT,280,2006,10
7182,"2/81 CHALLIS STREET, NEWPORT",-37.84895,144.872215,2,1,1,$220_Week,Rental_residential,2006-11-01,3015,NEWPORT,220,2006,11
7188,"48 RIVER STREET, NEWPORT",-37.840787,144.889164,2,1,1,$250_Week,none,2006-10-01,3015,NEWPORT,250,2006,10
7189,"48 RIVER STREET, NEWPORT",-37.840787,144.889164,2,1,1,$250_New,none,2006-10-01,3015,NEWPORT,250,2006,10
7622,"36/132-136 MASON STREET, NEWPORT",-37.841119,144.871477,3,2,1,$350_New,Townhouse,2006-10-01,3015,NEWPORT,350,2006,10
8084,"42 MADDOX ROAD, NEWPORT",-37.844742,144.869254,2,1,2,$320_New,Townhouse,2006-12-01,3015,NEWPORT,320,2006,12
8267,"37 ROSSHIRE ROAD, NEWPORT",-37.848286,144.864277,3,2,2,$290_New,Rental_residential,2006-11-01,3015,NEWPORT,290,2006,11
1910,"14 MILTON DRIVE, WYNDHAM VALE",-37.896661,144.618411,3,1,1,$200_Week,none,2006-11-01,3024,VALE,200,2006,11
4249,"2 CRUSOE DRIVE, LYSTERFIELD",-37.912536,145.274279,3,1,2,$250,House,2006-11-01,3156,LYSTERFIELD,250,2006,11
9757,"3/28 FERNCROFT AVENUE, MALVERN EAST",-37.868817,145.056786,2,1,2,$285,none,2006-11-01,3145,EAST,285,2006,11
10238,"4/27 MOAMA ROAD, MALVERN EAST",-37.878139,145.04853,2,1,1,$290_Week,Unit/apmt,2006-11-01,3145,EAST,290,2006,11
10362,"213/313-319 WAVERLEY ROAD, MALVERN EAST",-37.87700272,145.05918884,1,1,0,$160,Available Now,2006-12-01,3145,EAST,160,2006,12
10577,"10/997 DANDENONG ROAD, MALVERN EAST",-37.88057327,145.05015564,2,1,1,$260,Unit/apmt,2006-11-01,3145,EAST,260,2006,11
12294,"6/36 JOHNSTONE STREET, MALVERN",-37.86824799,145.03504944,2,1,1,$240,Rental_residential,2006-11-01,3144,MALVERN,240,2006,11
1090,"454 BURWOOD HIGHWAY, VERMONT SOUTH",-37.856544,145.17979,4,2,1,$420_-_$450,House,2006-11-01,3133,SOUTH,450,2006,11
2641,"13 TULIP STREET, VIOLET TOWN",-36.635858,145.720138,3,1,1,$110_Week,House,2006-11-01,3669,TOWN,110,2006,11
4871,"4 WALWORTH AVENUE, CAULFIELD NORTH",-37.878047,145.022827,5,3,2,$700,House,2006-11-01,3161,NORTH,700,2006,11
5227,"12/9 HUDSON STREET, CAULFIELD NORTH",-37.87969208,145.03329468,1,1,1,$145,Rental_residential,2006-11-01,3161,NORTH,145,2006,11
5543,"15 STEELE STREET, CAULFIELD SOUTH",-37.897071,145.02499,3,1,1,$350,House,2006-12-01,3162,SOUTH,350,2006,12
5544,"15 STEELE STREET, CAULFIELD SOUTH",-37.897071,145.02499,3,1,1,$430,House,2006-11-01,3162,SOUTH,430,2006,11
5602,"23 SUSSEX ROAD, CAULFIELD SOUTH",-37.896003,145.023677,2,1,1,$320,Rental_residential,2006-11-01,3162,SOUTH,320,2006,11
6368,"19 ALDER STREET, CAULFIELD SOUTH",-37.888217,145.018859,3,1,2,$380,Rental_residential,2006-12-01,3162,SOUTH,380,2006,12
7889,"4/42 NARONG ROAD, CAULFIELD",-37.86785889,145.02030945,2,1,1,$310,none,2006-12-01,3162,CAULFIELD,310,2006,12
10968,"1/12 WOODBINE GROVE, CHELSEA",-38.05466843,145.11959839,2,1,1,$180,Rental_residential,2006-12-01,3196,CHELSEA,180,2006,12
10969,"1/12 WOODBINE GROVE, CHELSEA",-38.05466843,145.11959839,2,1,1,$180_Week,Rental_residential,2006-11-01,3196,CHELSEA,180,2006,11
10991,"5 JACKSONS ROAD, CHELSEA",-38.043858,145.12312,2,1,1,$220,Unit/apmt,2006-12-01,3196,CHELSEA,220,2006,12
11180,"1/48 EMBANKMENT GROVE, CHELSEA",-38.04736328,145.12069702,2,1,2,$140,House,2006-11-01,3196,CHELSEA,140,2006,11
11403,"5/18 AVONDALE AVENUE, CHELSEA",-38.05137634,145.11312866,1,1,1,$135,Rental_residential,2006-11-01,3196,CHELSEA,135,2006,11
11525,"34 BAXTER AVENUE, CHELSEA",-38.045267,145.122249,3,1,2,$290,Rental_residential,2006-11-01,3196,CHELSEA,290,2006,11
11772,"3/488 NEPEAN HIGHWAY, CHELSEA",-38.05815887,145.11807251,2,1,1,$275,none,2006-11-01,3196,CHELSEA,275,2006,11
12399,"306A STATION STREET, CHELSEA",-38.049857,145.115467,3,2,1,$280_Week,House,2006-11-01,3196,CHELSEA,280,2006,11
428,"3/522 SOUTH ROAD, MOORABBIN",-37.935679,145.054866,3,2,1,$330,Rental_residential,2006-11-01,3189,MOORABBIN,330,2006,11
1334,"3/2-4 STATION STREET, MOOROOLBARK",-37.78566742,145.31225586,3,2,1,$240_Week,Unit/apmt,2006-11-01,3138,MOOROOLBARK,240,2006,11
3096,"3/4 MONTGOMERY STREET, MORDIALLOC",-38.006054,145.084171,2,1,1,$1018,Available Now,2006-11-01,3195,MORDIALLOC,1018,2006,11
8611,"165 KUNYUNG ROAD, MOUNT ELIZA",-38.19853,145.08341,4,2,0,$260,House,2006-12-01,3930,ELIZA,260,2006,12
182,"23 CHRIS COURT, HILLSIDE",-37.698987,144.754894,4,2,2,$250_Week,House,2006-11-01,3875,HILLSIDE,250,2006,11
183,"23 CHRIS COURT, HILLSIDE",-37.698987,144.754894,4,2,2,$250,House,2006-11-01,3875,HILLSIDE,250,2006,11
919,"1/174 DERRIMUT ROAD, HOPPERS CROSSING",-37.87083054,144.68455505,2,1,1,$195,Unit/apmt,2006-11-01,3029,CROSSING,195,2006,11
943,"2/2 PERKINS AVENUE, HOPPERS CROSSING",-37.869084,144.691815,2,1,2,$175_Week,Rental_residential,2006-11-01,3029,CROSSING,175,2006,11
1161,"37 CASEY DRIVE, HOPPERS CROSSING",-37.849291,144.6762,3,2,2,$245_Week,House,2006-11-01,3029,CROSSING,245,2006,11
1260,"12 GREVILLEA CRESCENT, HOPPERS CROSSING",-37.863723,144.717439,3,2,2,$260_Week,Rental_residential,2006-11-01,3029,CROSSING,260,2006,11
1383,"3 SANDLEFORD WAY, HOPPERS CROSSING",-37.848812,144.674317,4,2,2,$250,Rental_residential,2006-11-01,3029,CROSSING,250,2006,11
2627,"1 WATERSIDE CLOSE, HOPPERS CROSSING",-37.857091,144.713746,3,2,2,$230,House,2006-12-01,3029,CROSSING,230,2006,12
4017,"2/610 NEERIM ROAD, HUGHESDALE",-37.892269,145.082571,3,1,1,$415,Rental_residential,2006-11-01,3166,HUGHESDALE,415,2006,11
4082,"1/610 NEERIM ROAD, HUGHESDALE",-37.8918457,145.08255005,2,2,1,$395,Townhouse,2006-11-01,3166,HUGHESDALE,395,2006,11
7877,"2/353 UPPER HEIDELBERG ROAD, IVANHOE",-37.757111,145.054489,5,2,2,$280_-_$340,Available Now,2006-11-01,3079,IVANHOE,340,2006,11
8679,"2/16 SALISBURY AVENUE, IVANHOE",-37.77402496,145.03877258,3,2,2,$430,none,2006-11-01,3079,IVANHOE,430,2006,11
9280,"8/15 ASHBY GROVE, IVANHOE",-37.76699066,145.05148315,2,1,2,$275,Unit/apmt,2006-11-01,3079,IVANHOE,275,2006,11
3450,"18 PROUDFOOT STREET, MONT ALBERT",-37.820106,145.109862,3,2,1,$330,Rental_residential,2006-12-01,3127,ALBERT,330,2006,12
4001,"7 STREETON COURT, MONT ALBERT",-37.823091,145.112751,4,3,4,$725,none,2006-12-01,3127,ALBERT,725,2006,12
4831,"8B BOXTREE ROAD, MONTROSE",-37.81429,145.339061,1,1,1,$160_Week,House,2006-11-01,3765,MONTROSE,160,2006,11
5820,"6/61-63 LENNOX STREET, MOONEE PONDS",-37.765672,144.908865,3,2,2,$370,Townhouse,2006-12-01,3039,PONDS,370,2006,12
6164,"20 SUSSEX STREET, MOONEE PONDS",-37.763877,144.90963,2,1,1,$350,Rental_residential,2006-11-01,3039,PONDS,350,2006,11
6313,"18 ATHOL STREET, MOONEE PONDS",-37.769905,144.918246,2,1,0,$240_Week,House,2006-11-01,3039,PONDS,240,2006,11
6314,"18 ATHOL STREET, MOONEE PONDS",-37.769905,144.918246,2,1,0,$240,House,2006-10-01,3039,PONDS,240,2006,10
6413,"2/104 BENT STREET, MOONEE PONDS",-37.76305771,144.93603516,2,1,1,$195,Unit,2006-11-01,3039,PONDS,195,2006,11
1913,"7/1091 BURKE ROAD, HAWTHORN EAST",-37.81835175,145.05895996,2,1,1,$300,Rental_residential,2006-11-01,3123,EAST,300,2006,11
2261,"12/352 AUBURN ROAD, HAWTHORN EAST",-37.83197403,145.0430603,2,1,1,$270,none,2006-12-01,3123,EAST,270,2006,12
2900,"20/114 RIVERSDALE ROAD, HAWTHORN",-37.82920074,145.03660583,2,1,1,$280,Unit/apmt,2006-11-01,3122,HAWTHORN,280,2006,11
3244,"7/21 GLEN STREET, HAWTHORN",-37.831197,145.035214,2,1,1,$225,Unit/apmt,2006-12-01,3122,HAWTHORN,225,2006,12
3340,"13/166 POWER STREET, HAWTHORN",-37.82514572,145.02552795,1,1,1,$280,Unit/apmt,2006-11-01,3122,HAWTHORN,280,2006,11
3444,"21/23 PARK STREET, HAWTHORN",-37.81985474,145.03781128,1,1,0,$155,Studio,2006-10-01,3122,HAWTHORN,155,2006,10
3466,"18/19 PARK STREET, HAWTHORN",-37.81984329,145.03755188,1,1,1,$220,Rental_residential,2006-11-01,3122,HAWTHORN,220,2006,11
3758,"3/26 RIVERSDALE ROAD, HAWTHORN",-37.828107,145.028063,1,1,1,$250,none,2006-12-01,3122,HAWTHORN,250,2006,12
3855,"7/20 FORDHOLM ROAD, HAWTHORN",-37.831099,145.030567,2,1,1,$235,Unit/apmt,2006-12-01,3122,HAWTHORN,235,2006,12
3954,"6/250 RIVERSDALE ROAD, HAWTHORN",-37.830012,145.044414,2,1,1,$290,Unit/apmt,2006-11-01,3122,HAWTHORN,290,2006,11
3955,"6/250 RIVERSDALE ROAD, HAWTHORN",-37.830012,145.044414,2,1,1,$280,Unit/apmt,2006-11-01,3122,HAWTHORN,280,2006,11
4070,"9/42 CRESWICK STREET, HAWTHORN",-37.818549,145.016028,1,1,1,$220,Rental_residential,2006-12-01,3122,HAWTHORN,220,2006,12
4416,"3/3 HENRY STREET, HAWTHORN",-37.82001495,145.0430603,2,1,1,$260,none,2006-11-01,3122,HAWTHORN,260,2006,11
4920,"3 SCOTCH CIRCUIT, HAWTHORN",-37.835329,145.041419,3,2,1,$450,Townhouse,2006-12-01,3122,HAWTHORN,450,2006,12
4921,"3 SCOTCH CIRCUIT, HAWTHORN",-37.835329,145.041419,3,2,1,$450,Townhouse,2006-11-01,3122,HAWTHORN,450,2006,11
4934,"5/83 DENHAM STREET, HAWTHORN",-37.81930923,145.02348328,2,1,1,$240,Unit/apmt,2006-11-01,3122,HAWTHORN,240,2006,11
5467,"15/9 LISSON GROVE, HAWTHORN",-37.82613754,145.0269165,2,1,1,$250,none,2006-11-01,3122,HAWTHORN,250,2006,11
5716,"6/41 MORANG ROAD, HAWTHORN",-37.82371902,145.02410889,1,1,1,$250,Unit/apmt,2006-11-01,3122,HAWTHORN,250,2006,11
5818,"3/611 GLENFERRIE ROAD, HAWTHORN",-37.82363129,145.03495789,1,1,0,$100_Week,Unit/apmt,2006-11-01,3122,HAWTHORN,100,2006,11
5844,"6/70A WATTLE ROAD, HAWTHORN",-37.82525635,145.032547,2,1,1,$230,none,2006-11-01,3122,HAWTHORN,230,2006,11
6314,"16/64 AUBURN ROAD, HAWTHORN",-37.819934,145.045431,1,1,1,$200,none,2006-12-01,3122,HAWTHORN,200,2006,12
6501,"771 CLARKES ROAD, HAZELWOOD NORTH",-38.289143,146.516895,5,2,2,$350_Week,House,2006-11-01,3840,NORTH,350,2006,11
7907,"4/3 ORCHARD GROVE, HEATHMONT",-37.83435822,145.24267578,2,1,2,$210,Unit/apmt,2006-10-01,3135,HEATHMONT,210,2006,10
8422,"1 SHELLEY STREET, HEIDELBERG HEIGHTS",-37.743656,145.050636,4,1,1,$215,none,2006-11-01,3081,HEIGHTS,215,2006,11
8937,"53 SWANSTON STREET, HEIDELBERG HEIGHTS",-37.738147,145.050976,2,1,2,$215,none,2006-12-01,3081,HEIGHTS,215,2006,12
9866,"5/49 HAWDON STREET, HEIDELBERG",-37.75883484,145.06391907,1,1,1,$165,none,2006-11-01,3084,HEIDELBERG,165,2006,11
10033,"9/10 STRADBROKE AVENUE, HEIDELBERG",-37.75467682,145.06253052,2,1,1,$220,none,2006-11-01,3084,HEIDELBERG,220,2006,11
11943,"29 OUTLOOK WAY, HERNES OAK",-38.220326,146.300279,4,2,2,$290_Week,Acreage,2006-11-01,3825,OAK,290,2006,11
323,"17 WATTLETREE DRIVE, MOUNT HELEN",-37.6246334,143.8789023,4,2,2,$260_Week,none,2006-11-01,3350,HELEN,260,2006,11
338,"1/50 BROOK STREET, SUNBURY",-37.582175,144.733313,2,1,1,$155_Week,Available Now,2006-11-01,3429,SUNBURY,155,2006,11
1464,"10 HEATHERBRAE CRESCENT, SUNBURY",-37.564535,144.715975,3,2,2,$280_Week,Available Now,2006-11-01,3429,SUNBURY,280,2006,11
1671,"10/40-42 HARKER STREET, SUNBURY",-37.583914,144.727973,2,1,1,$180,Unit/apmt,2006-12-01,3429,SUNBURY,180,2006,12
1672,"10/40-42 HARKER STREET, SUNBURY",-37.583914,144.727973,2,1,1,$180_Week,Unit/apmt,2006-11-01,3429,SUNBURY,180,2006,11
1791,"37 ANGLERS ROAD, SUNDERLAND BAY",-38.507245,145.276957,3,2,2,$200_Week,House,2006-11-01,3922,BAY,200,2006,11
1798,"70 THE ESPLANADE, SUNDERLAND BAY",-38.507914,145.276821,3,1,2,$1000_Week,House,2006-11-01,3922,BAY,1000,2006,11
2151,"80 BACK BEACH ROAD, SUNSET STRIP",-38.497057,145.2648,2,1,0,$140_Week,House,2006-11-01,3922,STRIP,140,2006,11
2237,"30 BERMAGUI CRESCENT, SUNSET STRIP",-38.49422,145.266123,3,1,2,$700_Week,House,2006-11-01,3922,STRIP,700,2006,11
2689,"21 COMPTON PARADE, SUNSHINE NORTH",-37.769513,144.832115,3,1,3,$190,House,2006-11-01,3020,NORTH,190,2006,11
3104,"6 LEARMONTH CRESCENT, SUNSHINE WEST",-37.803263,144.828731,3,1,3,$180,House,2006-12-01,3020,WEST,180,2006,12
3224,"4/13 BARDSLEY STREET, SUNSHINE WEST",-37.790837,144.823247,2,1,0,$140,none,2006-11-01,3020,WEST,140,2006,11
4874,"67 FRASER STREET, SUNSHINE",-37.78532,144.8204,3,1,2,$185,House,2006-11-01,3020,SUNSHINE,185,2006,11
5519,"1 BEECH STREET, SURREY HILLS",-37.835865,145.107994,2,1,1,$220,House,2006-12-01,3127,HILLS,220,2006,12
5725,"1/56 UNION ROAD, SURREY HILLS",-37.83034515,145.09646606,3,2,2,$575_-_$625,Unit/apmt,2006-10-01,3127,HILLS,625,2006,10
6004,"2/969 RIVERSDALE ROAD, SURREY HILLS",-37.83544159,145.09757996,2,1,1,$290,none,2006-12-01,3127,HILLS,290,2006,12
6012,"19/20 FLORENCE ROAD, SURREY HILLS",-37.82896,145.102297,3,1,2,$250_-_$350,Unit/apmt,2006-11-01,3127,HILLS,350,2006,11
6457,"14 VERDUN STREET, SURREY HILLS",-37.833905,145.093705,5,4,2,$300,Rental_residential,2006-11-01,3127,HILLS,300,2006,11
6731,"2/9 MIDDLESEX ROAD, SURREY HILLS",-37.826488,145.090013,2,1,1,$280,none,2006-12-01,3127,HILLS,280,2006,12
6835,"2/6 BLACKBURN STREET, SURREY HILLS",-37.82286072,145.0995636,2,2,1,$375,none,2006-11-01,3127,HILLS,375,2006,11
8111,"1/9 GLOUCESTER COURT, SYDENHAM",-37.692139,144.76364,3,2,0,$215_Week,none,2006-10-01,3037,SYDENHAM,215,2006,10
8238,"3/15 BEAUMONT COURT, SYDENHAM",-37.691069,144.759964,2,1,1,$195_Week,none,2006-11-01,3037,SYDENHAM,195,2006,11
8239,"3/15 BEAUMONT COURT, SYDENHAM",-37.691069,144.759964,2,1,1,$195,none,2006-11-01,3037,SYDENHAM,195,2006,11
8256,"23 RUBEN DRIVE, SYDENHAM",-37.705984,144.759448,3,2,2,$260_Week,House,2006-11-01,3037,SYDENHAM,260,2006,11
8779,"3 BUNGARIM WYND, SYDENHAM",-37.707069,144.76208,4,2,2,$300_Week,none,2006-11-01,3037,SYDENHAM,300,2006,11
8780,"3 BUNGARIM WYND, SYDENHAM",-37.707069,144.76208,4,2,2,$300,none,2006-11-01,3037,SYDENHAM,300,2006,11
8781,"3 BUNGARIM WYND, SYDENHAM",-37.707069,144.76208,4,2,2,$300_Week,none,2006-10-01,3037,SYDENHAM,300,2006,10
9152,"5/70 COMMUNITY HUB, SYDENHAM",-37.70170975,144.75717163,3,2,1,$235,Unit/apmt,2006-12-01,3037,SYDENHAM,235,2006,12
354,"31 COWANS DRIVE, GREENDALE",-37.518222,144.306996,4,2,1,$200_Week,House,2006-11-01,3341,GREENDALE,200,2006,11
355,"31 COWANS DRIVE, GREENDALE",-37.518222,144.306996,4,2,1,$200_Week,House,2006-11-01,3341,GREENDALE,200,2006,11
1121,"32 CRANA GROVE, GREENSBOROUGH",-37.685665,145.108802,3,1,2,$260,House,2006-12-01,3088,GREENSBOROUGH,260,2006,12
1133,"3/157 ST HELENA ROAD, GREENSBOROUGH",-37.70024872,145.12129211,3,2,2,$470,House,2006-12-01,3088,GREENSBOROUGH,470,2006,12
4784,"13 KING STREET, HAMPTON EAST",-37.933645,145.032238,3,1,3,$420,Rental_residential,2006-12-01,3188,EAST,420,2006,12
5204,"39 STRABANE WAY, HAMPTON PARK",-38.04078,145.259328,4,2,2,$250_Week,House,2006-11-01,3976,PARK,250,2006,11
5205,"39 STRABANE WAY, HAMPTON PARK",-38.04078,145.259328,4,2,2,$250,House,2006-10-01,3976,PARK,250,2006,10
6053,"30 STRONG DRIVE, HAMPTON PARK",-38.034328,145.272176,3,1,4,$190,House,2006-11-01,3976,PARK,190,2006,11
6370,"60 BATEMAN GROVE, HAMPTON PARK",-38.045683,145.255277,3,2,2,$230,House,2006-12-01,3976,PARK,230,2006,12
6493,"46 JUSTIN CIRCUIT, HAMPTON PARK",-38.025861,145.271247,3,1,2,$230,House,2006-12-01,3976,PARK,230,2006,12
6688,"1/64-66 LAURA DRIVE, HAMPTON PARK",-38.041868,145.279991,3,1,1,$210_Week,Unit/apmt,2006-10-01,3976,PARK,210,2006,10
7131,"2/62 BEACH ROAD, HAMPTON",-37.94073868,145.00028992,1,1,1,$260_Week,Rental_residential,2006-11-01,3188,HAMPTON,260,2006,11
7576,"6 IVY STREET, HAMPTON",-37.93205,145.018417,3,1,2,$550,Rental_residential,2006-11-01,3188,HAMPTON,550,2006,11
8193,"4/62 BEACH ROAD, HAMPTON",-37.94073868,145.00028992,1,1,1,$260,none,2006-11-01,3188,HAMPTON,260,2006,11
4523,"10 CHRISTOPHER CRESCENT, TULLAMARINE",-37.699635,144.877546,3,1,2,$210,House,2006-12-01,3043,TULLAMARINE,210,2006,12
4524,"10 CHRISTOPHER CRESCENT, TULLAMARINE",-37.699635,144.877546,3,1,2,$210_Week,House,2006-11-01,3043,TULLAMARINE,210,2006,11
4852,"1/6 SPRING ST, TULLAMARINE",-37.70474625,144.87860107,3,2,1,$250,House,2006-11-01,3043,TULLAMARINE,250,2006,11
5792,"10 JANUS STREET, TULLAMARINE",-37.698679,144.876042,3,1,4,$250,House,2006-12-01,3043,TULLAMARINE,250,2006,12
5813,"39/200 MELROSE DRIVE, TULLAMARINE",-37.69816589,144.88018799,2,1,1,$180,none,2006-12-01,3043,TULLAMARINE,180,2006,12
657,"2/1 KING STREET, BULLEEN",-37.7625885,145.08422852,3,2,2,$370,Townhouse,2006-12-01,3105,BULLEEN,370,2006,12
658,"2/1 KING STREET, BULLEEN",-37.7625885,145.08422852,3,2,2,$390,Townhouse,2006-12-01,3105,BULLEEN,390,2006,12
659,"2/1 KING STREET, BULLEEN",-37.7625885,145.08422852,3,2,2,$400,Townhouse,2006-10-01,3105,BULLEEN,400,2006,10
1211,"82 MILLICENT AVENUE, BULLEEN",-37.773785,145.097544,3,1,1,$260,Rental_residential,2006-12-01,3105,BULLEEN,260,2006,12
4244,"7/1A MAIN DRIVE, BUNDOORA",-37.71373367,145.04605103,3,2,1,$315_Week,Available Now,2006-11-01,3083,BUNDOORA,315,2006,11
4289,"7/1191 PLENTY ROAD, BUNDOORA",-37.70021,145.058057,1,1,1,$250_Week,Available Now,2006-11-01,3083,BUNDOORA,250,2006,11
4482,"292 LUMEAH ROAD, BUNINYONG",-37.644803,143.876357,4,2,2,$280,Available Now,2006-10-01,3357,BUNINYONG,280,2006,10
2951,"10 ISAACS STREET, LAVERTON",-37.8523,144.773116,2,1,2,$220,House,2006-11-01,3028,LAVERTON,220,2006,11
3325,"25 KAYE CRESCENT, LAVERTON",-37.852036,144.771045,3,2,2,$185_Week,House,2006-11-01,3028,LAVERTON,185,2006,11
3326,"25 KAYE CRESCENT, LAVERTON",-37.852036,144.771045,3,2,2,$185,House,2006-11-01,3028,LAVERTON,185,2006,11
4447,"3320 MIDLAND HIGHWAY, LETHBRIDGE",-37.924588,144.113884,3,1,0,$180_Week,House,2006-11-01,3332,LETHBRIDGE,180,2006,11
4493,"21 NOYES ROAD, LETHBRIDGE",-37.965373,144.129922,2,1,1,$170_Week,none,2006-11-01,3332,LETHBRIDGE,170,2006,11
4562,"72 SUTHERLAND STREET, LETHBRIDGE",-37.971512,144.140276,3,1,2,$220_Week,House,2006-11-01,3332,LETHBRIDGE,220,2006,11
4563,"72 SUTHERLAND STREET, LETHBRIDGE",-37.971512,144.140276,3,1,2,$220_Week,House,2006-11-01,3332,LETHBRIDGE,220,2006,11
5529,"1523 TULLEY ROAD, LIMA",-36.775484,145.983874,4,1,2,$280_Week,House,2006-11-01,3673,LIMA,280,2006,11
5530,"1523 TULLEY ROAD, LIMA",-36.775484,145.983874,4,1,2,$280_Week,House,2006-11-01,3673,LIMA,280,2006,11
6767,"27 DERWENT DRIVE, LONG GULLY",-36.750283,144.256686,3,1,2,$180,House,2006-11-01,3550,GULLY,180,2006,11
2704,"1/269 NEPEAN HIGHWAY, SEAFORD",-38.1228981,145.12481689,2,1,1,$180,Unit/apmt,2006-12-01,3198,SEAFORD,180,2006,12
2926,"29 KANANOOK AVENUE, SEAFORD",-38.115601,145.128913,3,2,4,$250_Week,none,2006-11-01,3198,SEAFORD,250,2006,11
5098,"108 STATION ROAD, SEDDON",-37.806359,144.885463,2,1,1,$250,House,2006-11-01,3011,SEDDON,250,2006,11
5116,"9/181 GEELONG ROAD, SEDDON",-37.80261612,144.88616943,2,1,1,$145,none,2006-11-01,3011,SEDDON,145,2006,11
5437,"181 BUCKLEY STREET, SEDDON",-37.802957,144.889219,3,2,0,$290,Rental_residential,2006-12-01,3011,SEDDON,290,2006,12
6131,"20 JOYCE ROAD, SEVILLE EAST",-37.777061,145.490524,3,2,4,$250_Week,none,2006-11-01,3139,EAST,250,2006,11
6283,"5 VALLEY ROAD, SEVILLE",-37.771655,145.460035,3,2,1,$230_Week,House,2006-11-01,3139,SEVILLE,230,2006,11
7803,"2 DAINTON STREET, SHEPPARTON",-36.395985,145.404499,3,1,1,$250_Week,House,2006-11-01,3630,SHEPPARTON,250,2006,11
7804,"2 DAINTON STREET, SHEPPARTON",-36.395985,145.404499,3,1,1,$250,House,2006-11-01,3630,SHEPPARTON,250,2006,11
8176,"21 ROMNEY CRESCENT, SHEPPARTON",-36.352713,145.414799,3,1,1,$245_Week,House,2006-11-01,3630,SHEPPARTON,245,2006,11
1243,"100 BRANIFFS ROAD, JEERALANG",-38.351072,146.409419,3,2,2,$290_Week,House,2006-11-01,3840,JEERALANG,290,2006,11
1246,"25 BRANIFFS ROAD, JEERALANG",-38.344868,146.409023,1,1,1,$70_Week,Townhouse,2006-11-01,3840,JEERALANG,70,2006,11
3847,"305 ELTHAM-YARRA GLEN ROAD, KANGAROO GROUND",-37.68985,145.215905,2,1,1,$240_Week,none,2006-11-01,3097,GROUND,240,2006,11
4808,"2/10 STOCKWELL CRESCENT, KEILOR DOWNS",-37.71340561,144.79414368,3,1,1,$185_Week,none,2006-11-01,3038,DOWNS,185,2006,11
4809,"2/10 STOCKWELL CRESCENT, KEILOR DOWNS",-37.71340561,144.79414368,3,1,1,$185,none,2006-11-01,3038,DOWNS,185,2006,11
6095,"1 AVILA PLACE, KEILOR LODGE",-37.700397,144.806967,4,2,2,$350_Week,Rental_residential,2006-11-01,3038,LODGE,350,2006,11
6096,"1 AVILA PLACE, KEILOR LODGE",-37.700397,144.806967,4,2,2,$350,Rental_residential,2006-11-01,3038,LODGE,350,2006,11
945,"11 EVENGLOW COURT, SMITHS BEACH",-38.498618,145.257989,3,2,2,$1050_Week,House,2006-11-01,3922,BEACH,1050,2006,11
370,"18 OCEAN DRIVE, PORT FAIRY",-38.391483,142.225219,1,1,0,$1050_Week,House,2006-11-01,3284,FAIRY,1050,2006,11
371,"18 OCEAN DRIVE, PORT FAIRY",-38.391483,142.225219,1,1,0,$2800_Week,House,2006-11-01,3284,FAIRY,2800,2006,11
646,"C203/166 ROUSE STREET, PORT MELBOURNE",-37.841211,144.938255,1,1,1,$400,none,2006-11-01,3207,MELBOURNE,400,2006,11
974,"14 SWALLOW STREET, PORT MELBOURNE",-37.83881,144.932766,1,1,1,$380,House,2006-11-01,3207,MELBOURNE,380,2006,11
1116,"1.06/91 DOW STREET, PORT MELBOURNE",-37.840548,144.942207,1,1,1,$320,none,2006-11-01,3207,MELBOURNE,320,2006,11
1898,"903/115 BEACH STREET, PORT MELBOURNE",-37.840225,144.930452,2,2,1,$585,Unit/apmt,2006-12-01,3207,MELBOURNE,585,2006,12
1914,"208/65 BEACH STREET, PORT MELBOURNE",-37.84211,144.936383,2,2,1,$385,Unit/apmt,2006-12-01,3207,MELBOURNE,385,2006,12
1970,"D404/52 NOTT STREET, PORT MELBOURNE",-37.84087372,144.9387207,1,1,1,$400,Unit/apmt,2006-11-01,3207,MELBOURNE,400,2006,11
2936,"72 BRIDGE STREET, PORT MELBOURNE",-37.837428,144.945248,2,1,0,$400,Unit/apmt,2006-12-01,3207,MELBOURNE,400,2006,12
3297,"407/55 BAY STREET, PORT MELBOURNE",-37.834478,144.945988,1,1,0,$350,none,2006-12-01,3207,MELBOURNE,350,2006,12
3464,"14 INGLES STREET, PORT MELBOURNE",-37.835369,144.948677,2,1,0,$360,House,2006-12-01,3207,MELBOURNE,360,2006,12
3792,"1/3 LIARDET STREET, PORT MELBOURNE",-37.839268,144.943386,2,1,1,$445,none,2006-12-01,3207,MELBOURNE,445,2006,12
3909,"30 THE ESPLANADE, PORTARLINGTON",-38.112944,144.665582,2,1,0,$700_Week,House,2006-11-01,3223,PORTARLINGTON,700,2006,11
3922,"31 HARDING STREET, PORTARLINGTON",-38.11807,144.651053,3,1,1,$890_Week,House,2006-11-01,3223,PORTARLINGTON,890,2006,11
3942,"43 SIMSON STREET, PORTARLINGTON",-38.117628,144.667214,2,1,1,$600_Week,House,2006-11-01,3223,PORTARLINGTON,600,2006,11
4035,"380 TOWER ROAD, PORTARLINGTON",-38.127301,144.672072,1,1,2,$1065_Week,Rental_residential,2006-11-01,3223,PORTARLINGTON,1065,2006,11
4200,"31 HIGH STREET, PORTARLINGTON",-38.118722,144.649001,3,2,2,$800_Week,House,2006-11-01,3223,PORTARLINGTON,800,2006,11
5484,"155 MUST STREET, PORTLAND",-38.359308,141.596485,3,1,1,$240,House,2006-10-01,3305,PORTLAND,240,2006,10
6238,"73 PERTH STREET, PRAHRAN",-37.846803,144.987715,3,1,2,$440,none,2006-10-01,3181,PRAHRAN,440,2006,10
6767,"14 MOSS STREET, PRAHRAN",-37.848264,144.988335,3,1,1,$380,Available Now,2006-12-01,3181,PRAHRAN,380,2006,12
7418,"2A CHOMLEY STREET, PRAHRAN",-37.858758,145.005508,2,2,2,$450_Week,House,2006-11-01,3181,PRAHRAN,450,2006,11
7668,"102/11 HILLINGDON PLACE, PRAHRAN",-37.8510704,144.9944458,2,1,1,$345,Available Now,2006-11-01,3181,PRAHRAN,345,2006,11
7687,"78 ABERDEEN ROAD, PRAHRAN",-37.85296,145.005846,1,1,0,$340,Available Now,2006-10-01,3181,PRAHRAN,340,2006,10
8074,"20 BIDEY STREET, PRAHRAN",-37.856332,145.004869,3,1,0,$550,House,2006-12-01,3181,PRAHRAN,550,2006,12
8446,"36/108 GREVILLE STREET, PRAHRAN",-37.848784,144.98759,2,1,1,$1651,Unit/apmt,2006-10-01,3181,PRAHRAN,1651,2006,10
8512,"13/22 CHOMLEY STREET, PRAHRAN",-37.857929,145.005535,1,1,1,$250,Unit/apmt,2006-12-01,3181,PRAHRAN,250,2006,12
8941,"13 BOWEN STREET, PRAHRAN",-37.854916,145.003736,2,1,0,$400,none,2006-11-01,3181,PRAHRAN,400,2006,11
9314,"37 LEWISHAM ROAD, PRAHRAN",-37.855252,144.999113,3,2,0,$375,Available Now,2006-11-01,3181,PRAHRAN,375,2006,11
10305,"6/608 BELL STREET, PRESTON",-37.74353027,144.98997498,2,1,1,$180,none,2006-10-01,3072,PRESTON,180,2006,10
12272,"2/5 COOMA STREET, PRESTON",-37.741697,145.006128,1,1,1,$145,Unit/apmt,2006-12-01,3072,PRESTON,145,2006,12
12756,"18/11-13 COOMA STREET, PRESTON",-37.74135208,145.006073,1,1,0,$135,House,2006-11-01,3072,PRESTON,135,2006,11
1052,"2/3 LOWER PLENTY ROAD, ROSANNA",-37.746395,145.05888,2,1,1,$240_Week,Unit/apmt,2006-11-01,3084,ROSANNA,240,2006,11
5673,"73 RAVENHILL BOULEVARD, ROXBURGH PARK",-37.634417,144.917974,3,2,2,$260_Week,none,2006-11-01,3064,PARK,260,2006,11
5674,"73 RAVENHILL BOULEVARD, ROXBURGH PARK",-37.634417,144.917974,3,2,2,$250_Week,none,2006-11-01,3064,PARK,250,2006,11
5675,"73 RAVENHILL BOULEVARD, ROXBURGH PARK",-37.634417,144.917974,3,2,2,$260,none,2006-11-01,3064,PARK,260,2006,11
6217,"6 SIMMONDS PLACE, ROXBURGH PARK",-37.63389,144.927545,3,2,2,$230_Week,Townhouse,2006-11-01,3064,PARK,230,2006,11
6370,"14/67 RAVENHILL BOULEVARD, ROXBURGH PARK",-37.63508224,144.91812134,2,2,1,$210,Unit/apmt,2006-11-01,3064,PARK,210,2006,11
8949,"29/291 YORK STREET, SALE",-38.102174,147.067711,2,1,1,$125,Unit/apmt,2006-10-01,3850,SALE,125,2006,10
341,"10/414 GLENFERRIE ROAD, KOOYONG",-37.84173203,145.03210449,3,1,1,$280,Unit/apmt,2006-10-01,3144,KOOYONG,280,2006,10
4574,"2/156 CASEY DRIVE, LALOR",-37.67469788,145.03916931,3,1,1,$205,Unit/apmt,2006-11-01,3075,LALOR,205,2006,11
4591,"3 HOTHAM COURT, LALOR",-37.667364,144.998162,3,1,4,$200,none,2006-12-01,3075,LALOR,200,2006,12
4675,"6 PRINCE ANDREW AVENUE, LALOR",-37.668812,145.023088,3,1,1,$205,Available Now,2006-12-01,3075,LALOR,205,2006,12
736,"307/84 ALTONA STREET, KENSINGTON",-37.797329,144.925945,2,1,1,$280,Unit/apmt,2006-11-01,3031,KENSINGTON,280,2006,11
755,"6/46 BAYSWATER ROAD, KENSINGTON",-37.79333878,144.9236145,2,1,1,$225,Rental_residential,2006-11-01,3031,KENSINGTON,225,2006,11
862,"411/60 SPEAKMEN STREET, KENSINGTON",-37.794335,144.91696,2,1,1,$255,Unit/apmt,2006-12-01,3031,KENSINGTON,255,2006,12
863,"411/60 SPEAKMEN STREET, KENSINGTON",-37.794335,144.91696,2,1,1,$255_Week,Unit/apmt,2006-11-01,3031,KENSINGTON,255,2006,11
875,"40 FRANCIS LANE, KENSINGTON",-37.793713,144.918367,3,2,1,$355,Rental_residential,2006-12-01,3031,KENSINGTON,355,2006,12
1019,"20 CRICHTON LANE, KENSINGTON",-37.792576,144.922112,1,1,1,$220_Week,Townhouse,2006-11-01,3031,KENSINGTON,220,2006,11
1242,"22 LITTLE BENDALL STREET, KENSINGTON",-37.789017,144.92346,2,1,1,$240,Townhouse,2006-10-01,3031,KENSINGTON,240,2006,10
1388,"16 MCCONNELL STREET, KENSINGTON",-37.79027,144.928395,3,2,0,$270,none,2006-10-01,3031,KENSINGTON,270,2006,10
1424,"5 EASTWOOD STREET, KENSINGTON",-37.788745,144.929811,2,1,0,$275,House,2006-11-01,3031,KENSINGTON,275,2006,11
2384,"58 MARKET STREET, KENSINGTON",-37.790529,144.925817,3,1,1,$330,Townhouse,2006-10-01,3031,KENSINGTON,330,2006,10
2669,"6A CALWELL STREET, KENSINGTON",-37.788257,144.926914,2,1,1,$255,none,2006-12-01,3031,KENSINGTON,255,2006,12
2775,"56 THE RIDGEWAY, KENSINGTON",-37.794773,144.924578,2,1,0,$330,none,2006-11-01,3031,KENSINGTON,330,2006,11
3989,"15 HARP ROAD, KEW EAST",-37.800013,145.056797,3,1,3,$280,none,2006-12-01,3102,EAST,280,2006,12
4279,"3/51 STUDLEY PARK ROAD, KEW",-37.80686188,145.02197266,2,1,1,$280,none,2006-11-01,3101,KEW,280,2006,11
4288,"2/45 DISRAELI STREET, KEW",-37.80154037,145.03918457,2,1,1,$260,none,2006-12-01,3101,KEW,260,2006,12
4523,"131 WELLINGTON STREET, KEW",-37.810512,145.043006,2,1,0,$300,House,2006-12-01,3101,KEW,300,2006,12
4663,"7/60 PRINCESS STREET, KEW",-37.80411148,145.02958679,2,1,1,$250,Unit/apmt,2006-11-01,3101,KEW,250,2006,11
4899,"12/103 BARKERS ROAD, KEW",-37.8132515,145.02592468,2,1,2,$280,Rental_residential,2006-11-01,3101,KEW,280,2006,11
5018,"4/30 GLADSTONE STREET, KEW",-37.801807,145.040814,2,1,1,$249,Unit/apmt,2006-12-01,3101,KEW,249,2006,12
5019,"4/30 GLADSTONE STREET, KEW",-37.801807,145.040814,2,1,1,$249,Unit/apmt,2006-11-01,3101,KEW,249,2006,11
5148,"2 SACKVILLE STREET, KEW",-37.812601,145.04643,3,2,1,$450,House,2006-11-01,3101,KEW,450,2006,11
5545,"2/66 COBDEN STREET, KEW",-37.801408,145.036336,2,1,1,$180_-_$210,none,2006-12-01,3101,KEW,210,2006,12
5969,"7/14 FOLEY STREET, KEW",-37.812876,145.027073,2,1,1,$320,none,2006-12-01,3101,KEW,320,2006,12
6108,"78 EDGEVALE ROAD, KEW",-37.812676,145.042838,3,1,1,$450,House,2006-11-01,3101,KEW,450,2006,11
6483,"30/20 PAKINGTON STREET, KEW",-37.80403137,145.03468323,2,1,1,$245,Unit/apmt,2006-10-01,3101,KEW,245,2006,10
6494,"34 BARNARD GROVE, KEW",-37.792261,145.035598,3,1,1,$410,House,2006-11-01,3101,KEW,410,2006,11
6633,"3/58 HARP ROAD, KEW",-37.7999115,145.05410767,2,1,1,$240,none,2006-12-01,3101,KEW,240,2006,12
6661,"6/11 DEAN STREET, KEW",-37.81559753,145.0581665,2,1,1,$295,none,2006-12-01,3101,KEW,295,2006,12
9300,"12 COTTAGE CRESCENT, KILMORE",-37.294684,144.942878,3,2,2,$235_Week,House,2006-11-01,3764,KILMORE,235,2006,11
9712,"43 LIVERPOOL ROAD, KILSYTH",-37.806476,145.315478,2,2,1,$180_Week,House,2006-11-01,3137,KILSYTH,180,2006,11
9717,"83 HAWTHORY ROAD, KILSYTH",-37.79499,145.313695,3,1,2,$240_Week,House,2006-11-01,3137,KILSYTH,240,2006,11
12099,"142 QUEENSVILLE STREET, KINGSVILLE",-37.810466,144.882826,3,1,1,$240,House,2006-10-01,3012,KINGSVILLE,240,2006,10
12457,"4 BELINDAVALE DRIVE, KNOXFIELD",-37.882318,145.241397,4,2,4,$370,House,2006-12-01,3180,KNOXFIELD,370,2006,12
450,"11/22-28 CANTERBURY STREET, FLEMINGTON",-37.78156662,144.92601013,1,1,1,$110_Week,Unit/apmt,2006-11-01,3031,FLEMINGTON,110,2006,11
451,"11/22-28 CANTERBURY STREET, FLEMINGTON",-37.78156662,144.92601013,1,1,1,$110,Unit/apmt,2006-10-01,3031,FLEMINGTON,110,2006,10
962,"7/15 DOVER STREET, FLEMINGTON",-37.78341675,144.92701721,1,1,1,$160,Rental_residential,2006-10-01,3031,FLEMINGTON,160,2006,10
987,"10 GLANCE STREET, FLEMINGTON",-37.787063,144.92487,2,1,0,$260,Rental_residential,2006-11-01,3031,FLEMINGTON,260,2006,11
1031,"8/13-15 DOVER STREET, FLEMINGTON",-37.78328,144.92737,1,1,1,$165_Week,House,2006-11-01,3031,FLEMINGTON,165,2006,11
1419,"19/48 FARNHAM STREET, FLEMINGTON",-37.78254318,144.93074036,1,1,1,$175,none,2006-10-01,3031,FLEMINGTON,175,2006,10
2845,"3/10 DRECHSLER STREET, FLORA HILL",-36.77913284,144.29029846,1,1,1,$105,Rental_residential,2006-11-01,3550,HILL,105,2006,11
3054,"53 LONG GULLY ROAD, FLOWERDALE",-37.342474,145.298467,1,1,1,$125_Week,House,2006-11-01,3658,FLOWERDALE,125,2006,11
4677,"12/19 EMPIRE STREET, FOOTSCRAY",-37.78915,144.891317,2,1,1,$170,Unit/apmt,2006-11-01,3011,FOOTSCRAY,170,2006,11
5706,"2/103 HUSBAND ROAD, FOREST HILL",-37.839582,145.182596,2,1,1,$180,Rental_residential,2006-12-01,3131,HILL,180,2006,12
9525,"58 STANLEY STREET, FRANKSTON",-38.138677,145.133275,3,1,1,$240,House,2006-11-01,3199,FRANKSTON,240,2006,11
9526,"58 STANLEY STREET, FRANKSTON",-38.138677,145.133275,3,1,1,$240,House,2006-10-01,3199,FRANKSTON,240,2006,10
10053,"4/2 MEREWEATHER AVENUE, FRANKSTON",-38.1348381,145.12516785,2,1,1,$175,Unit/apmt,2006-12-01,3199,FRANKSTON,175,2006,12
10188,"9 MALCOLM COURT, FRANKSTON",-38.142879,145.144807,3,1,2,$200,House,2006-12-01,3199,FRANKSTON,200,2006,12
10189,"9 MALCOLM COURT, FRANKSTON",-38.142879,145.144807,3,1,2,$205,House,2006-12-01,3199,FRANKSTON,205,2006,12
12560,"4 MEREWEATHER AVENUE, FRANKSTON",-38.1351,145.125597,4,1,1,$250,House,2006-12-01,3199,FRANKSTON,250,2006,12
13038,"7/34 WILLIAMS STREET, FRANKSTON",-38.151339,145.120581,2,1,1,$135,none,2006-11-01,3199,FRANKSTON,135,2006,11
13411,"122 BEACH STREET, GARDEN CITY",-37.839842,144.929687,3,2,2,$975,House,2006-11-01,3207,CITY,975,2006,11
13412,"122 BEACH STREET, GARDEN CITY",-37.839842,144.929687,3,2,2,$975,House,2006-11-01,3207,CITY,975,2006,11
15367,"6/61 BROUGHAM STREET, GEELONG",-38.1454277,144.36256409,1,1,1,$265,Rental_residential,2006-11-01,3220,GEELONG,265,2006,11
1110,"4/51 SPRING STREET, THOMASTOWN",-37.68592453,145.00747681,2,1,1,$185,House,2006-11-01,3074,THOMASTOWN,185,2006,11
1992,"47 FENWICK STREET, THORNBURY",-37.76204,145.004852,2,1,1,$300,Available Now,2006-12-01,3071,THORNBURY,300,2006,12
2452,"6/73 COLLINS STREET, THORNBURY",-37.75528336,145.0098114,2,1,1,$230,none,2006-12-01,3071,THORNBURY,230,2006,12
2453,"6/73 COLLINS STREET, THORNBURY",-37.75528336,145.0098114,2,1,1,$230,none,2006-11-01,3071,THORNBURY,230,2006,11
2745,"7/104 GOOCH STREET, THORNBURY",-37.75884247,145.00759888,1,1,1,$145,Unit/apmt,2006-10-01,3071,THORNBURY,145,2006,10
3249,"99 GOOCH STREET, THORNBURY",-37.758498,145.006945,4,1,2,$390_Week,House,2006-11-01,3071,THORNBURY,390,2006,11
3839,"38 HAMMOND STREET, THORNBURY",-37.763845,145.012988,3,1,5,$290,none,2006-12-01,3071,THORNBURY,290,2006,12
4110,"5/77 COLLINS STREET, THORNBURY",-37.75528717,145.01029968,2,1,1,$220,none,2006-11-01,3071,THORNBURY,220,2006,11
4565,"8/65 MARTIN STREET, THORNBURY",-37.76125336,145.00521851,2,1,1,$170,Rental_residential,2006-10-01,3071,THORNBURY,170,2006,10
4929,"1/109 NORMANBY AVENUE, THORNBURY",-37.7588501,144.99008179,3,1,1,$245,none,2006-10-01,3071,THORNBURY,245,2006,10
5436,"14 RAILWAY ROAD, THORPDALE",-38.287206,146.17799,3,1,1,$160_Week,none,2006-11-01,3835,THORPDALE,160,2006,11
5976,"1/3 DAVIS COURT, TONGALA",-36.246092,144.953247,2,1,1,$606,Unit,2006-11-01,3621,TONGALA,606,2006,11
7007,"24/746 ORRONG ROAD, TOORAK",-37.83813095,145.01443481,2,1,1,$320,none,2006-12-01,3142,TOORAK,320,2006,12
7238,"2/2A BURNIE STREET, TOORAK",-37.835808,145.007826,1,1,1,$195,Rental_residential,2006-12-01,3142,TOORAK,195,2006,12
7249,"2/693 MALVERN ROAD, TOORAK",-37.84885406,145.01031494,2,1,1,$290,Available Now,2006-10-01,3142,TOORAK,290,2006,10
7791,"4/10 DEVORGILLA AVENUE, TOORAK",-37.849525,145.020704,1,1,1,$180,none,2006-12-01,3142,TOORAK,180,2006,12
7954,"15/8 LAMBERT ROAD, TOORAK",-37.8473,145.010407,2,1,0,$175,Unit/apmt,2006-12-01,3142,TOORAK,175,2006,12
8439,"8/6 LAMBERT ROAD, TOORAK",-37.84710693,145.01025391,2,1,1,$275,Unit/apmt,2006-10-01,3142,TOORAK,275,2006,10
8512,"12/2A BURNIE STREET, TOORAK",-37.83592,145.00942,1,1,1,$220_Week,Unit/apmt,2006-11-01,3142,TOORAK,220,2006,11
8922,"13 / 76 MATHOURA ROAD, TOORAK",-37.84276962,145.00810242,1,1,1,$260,none,2006-11-01,3142,TOORAK,260,2006,11
9386,"2/145 CANTERBURY ROAD, TOORAK",-37.84206009,145.01042175,1,1,0,$195,Rental_residential,2006-10-01,3142,TOORAK,195,2006,10
1176,"2/4-6 WILLIAM STREET, CRANBOURNE",-38.10353851,145.27857971,3,1,1,$200,House,2006-11-01,3977,CRANBOURNE,200,2006,11
1268,"8 ARNOLD STREET, CRANBOURNE",-38.10417,145.290638,3,1,2,$175_Week,House,2006-10-01,3977,CRANBOURNE,175,2006,10
4301,"4/39 FORTUNA AVENUE, CROYDON",-37.80651855,145.27563477,2,1,1,$250,Rental_residential,2006-11-01,3136,CROYDON,250,2006,11
614,"32 BEACONSFIELD PARADE, GLENROWAN",-36.460599,146.222163,3,2,2,$200_Week,House,2006-11-01,3675,GLENROWAN,200,2006,11
701,"3/53 MAUDE AVENUE, GLENROY",-37.70175552,144.93560791,2,1,2,$230_Week,none,2006-11-01,3046,GLENROY,230,2006,11
702,"3/53 MAUDE AVENUE, GLENROY",-37.70175552,144.93560791,2,1,2,$230,none,2006-11-01,3046,GLENROY,230,2006,11
2547,"21 TARANA AVENUE, GLENROY",-37.7119,144.908324,3,1,1,$195,Unit/apmt,2006-11-01,3046,GLENROY,195,2006,11
2562,"5/167 GLENROY ROAD, GLENROY",-37.705522,144.920696,2,1,1,$195_Week,Unit/apmt,2006-11-01,3046,GLENROY,195,2006,11
1441,"1/22 CHATSWORTH AVENUE, ARDEER",-37.7740593,144.80172729,2,1,2,$195_Week,none,2006-11-01,3022,ARDEER,195,2006,11
1442,"1/22 CHATSWORTH AVENUE, ARDEER",-37.7740593,144.80172729,2,1,2,$195,none,2006-11-01,3022,ARDEER,195,2006,11
2838,"20 HAMPDEN ROAD, ARMADALE",-37.856151,145.01333,4,2,3,$1000,House,2006-12-01,3143,ARMADALE,1000,2006,12
3171,"5/1 DUNCRAIG AVENUE, ARMADALE",-37.8616066,145.02537537,2,1,1,$265,Unit/apmt,2006-11-01,3143,ARMADALE,265,2006,11
3408,"3/531 ORRONG ROAD, ARMADALE",-37.85705566,145.01087952,2,1,1,$380,none,2006-12-01,3143,ARMADALE,380,2006,12
3634,"6/48 SUTHERLAND ROAD, ARMADALE",-37.85811615,145.01725769,1,1,1,$220,Rental_residential,2006-12-01,3143,ARMADALE,220,2006,12
3954,"3/18 ST GEORGES ROAD, ARMADALE",-37.860549,145.021161,1,1,1,$190,Rental_residential,2006-11-01,3143,ARMADALE,190,2006,11
4110,"4/532 ORRONG ROAD, ARMADALE",-37.85732269,145.01123047,2,1,1,$360,none,2006-10-01,3143,ARMADALE,360,2006,10
4227,"1/403 DANDENONG ROAD, ARMADALE",-37.86183929,145.01831055,2,1,1,$250,Rental_residential,2006-11-01,3143,ARMADALE,250,2006,11
7061,"51 THE PARADE, ASCOT VALE",-37.772748,144.913887,4,1,0,$340_Week,House,2006-11-01,3032,VALE,340,2006,11
7062,"51 THE PARADE, ASCOT VALE",-37.772748,144.913887,4,1,0,$340,House,2006-11-01,3032,VALE,340,2006,11
7383,"12/209 MARIBYRNONG ROAD, ASCOT VALE",-37.77125168,144.91023254,2,1,1,$210,Unit/apmt,2006-11-01,3032,VALE,210,2006,11
8070,"10/32 FISHER PARADE, ASCOT VALE",-37.784577,144.905481,3,2,1,$330,Townhouse,2006-11-01,3032,VALE,330,2006,11
8071,"10/32 FISHER PARADE, ASCOT VALE",-37.784577,144.905481,3,2,1,$330_Week,Townhouse,2006-11-01,3032,VALE,330,2006,11
8123,"11/24 ORMOND ROAD, ASCOT VALE",-37.77300262,144.92996216,1,1,1,$180_Week,none,2006-11-01,3032,VALE,180,2006,11
9895,"12 LIBERATOR STREET, ASHBURTON",-37.866175,145.090293,3,1,1,$270,House,2006-12-01,3147,ASHBURTON,270,2006,12
10822,"1/33 GEORGE STREET, ASHWOOD",-37.86299896,145.09721375,3,2,2,$420,House,2006-11-01,3147,ASHWOOD,420,2006,11
11319,"4/17 TEMPLE STREET, ASHWOOD",-37.86992264,145.09465027,2,1,1,$250,Unit/apmt,2006-11-01,3147,ASHWOOD,250,2006,11
11888,"7/34 NEPEAN HIGHWAY, ASPENDALE",-38.011105,145.089387,2,1,1,$715,none,2006-11-01,3195,ASPENDALE,715,2006,11
12264,"9 PARKVIEW DRIVE, ASPENDALE",-38.0215,145.101561,4,2,2,$350,none,2006-11-01,3195,ASPENDALE,350,2006,11
855,"7/28 BROADWAY, BONBEACH",-38.05923462,145.12280273,2,1,1,$160,Unit/apmt,2006-11-01,3196,BONBEACH,160,2006,11
952,"68 BROADWAY, BONBEACH",-38.057652,145.127529,2,1,2,$305,House,2006-12-01,3196,BONBEACH,305,2006,12
2608,"64A TULIP CRESCENT, BORONIA",-37.868298,145.284281,1,1,0,$90_Week,none,2006-11-01,3155,BORONIA,90,2006,11
5487,"9/13 OXFORD STREET, BOX HILL",-37.8219223,145.1212616,3,3,2,$360,Unit/apmt,2006-11-01,3128,HILL,360,2006,11
6263,"17/53 BISHOP STREET, BOX HILL",-37.820393,145.133997,2,1,1,$190,Unit/apmt,2006-12-01,3128,HILL,190,2006,12
6347,"14/23-33 CAMBRIDGE STREET, BOX HILL",-37.82081223,145.1207428,2,1,1,$310,Townhouse,2006-11-01,3128,HILL,310,2006,11
7453,"10/23-33 CAMBRIDGE STREET, BOX HILL",-37.82081223,145.1207428,3,3,2,$365,Townhouse,2006-11-01,3128,HILL,365,2006,11
7512,"9/36 ROSE STREET, BOX HILL",-37.82184982,145.12918091,2,1,1,$220,Available Now,2006-12-01,3128,HILL,220,2006,12
1234,"1/114 BURKE STREET, YARRAGON SOUTH",-38.2418774,146.0758885,2,1,1,$160_Week,House,2006-11-01,3823,SOUTH,160,2006,11
1235,"1/114 BURKE STREET, YARRAGON SOUTH",-38.2418774,146.0758885,2,1,1,$160_Week,House,2006-11-01,3823,SOUTH,160,2006,11
1236,"9 BORONIA STREET, YARRAGON SOUTH",-38.2418774,146.0758885,3,1,2,$210_Week,House,2006-11-01,3823,SOUTH,210,2006,11
1237,"9 BORONIA STREET, YARRAGON SOUTH",-38.2418774,146.0758885,3,1,2,$210_Week,House,2006-11-01,3823,SOUTH,210,2006,11
1794,"524 YAN YEAN ROAD, YARRAMBAT",-37.643996,145.131632,3,1,2,$340_Week,none,2006-11-01,3091,YARRAMBAT,340,2006,11
2022,"32 OVENS STREET, YARRAVILLE",-37.81815,144.891695,2,1,0,$280,Rental_residential,2006-12-01,3013,YARRAVILLE,280,2006,12
2023,"32 OVENS STREET, YARRAVILLE",-37.81815,144.891695,2,1,0,$280_Week,Rental_residential,2006-11-01,3013,YARRAVILLE,280,2006,11
2498,"32 SANDERSON STREET, YARRAVILLE",-37.814545,144.867159,3,1,2,$215,Rental_residential,2006-12-01,3013,YARRAVILLE,215,2006,12
4104,"2/78 ANDERSON STREET, YARRAVILLE",-37.81611252,144.88722229,1,1,1,$170,Rental_residential,2006-10-01,3013,YARRAVILLE,170,2006,10
4363,"4 FORREST STREET, YARRAVILLE",-37.813741,144.885005,3,1,0,$310,none,2006-11-01,3013,YARRAVILLE,310,2006,11
5452,"530 JUMBUK ROAD, YINNAR SOUTH",-38.34909566,146.37310528,3,2,4,$280_Week,House,2006-11-01,3869,SOUTH,280,2006,11
5453,"530 JUMBUK ROAD, YINNAR SOUTH",-38.34909566,146.37310528,3,2,4,$280_Week,House,2006-11-01,3869,SOUTH,280,2006,11
5454,"1135 WHITELAWS TRACK, YINNAR SOUTH",-38.3759626,146.3429133,3,1,1,$200_Week,House,2006-11-01,3869,SOUTH,200,2006,11
5455,"1135 WHITELAWS TRACK, YINNAR SOUTH",-38.3759626,146.3429133,3,1,1,$200_Week,House,2006-11-01,3869,SOUTH,200,2006,11
5570,"2 / 4 GEORGE STREET, YINNAR",-38.330291,146.32664,2,1,2,$95_Week,none,2006-11-01,3869,YINNAR,95,2006,11
