,Unnamed: 0,address,latitude,longitude,nbed,nbath,ncar,price,type,historical_dates,postcode,year,month,suburb,weekly_rent,residence_type,SA2_CODE
0,0,"27 ACACIA WAY, CHURCHILL",-38.301581,146.415178,3.0,1.0,0,$125_Week,House,November 2006,3842,2006,11,CHURCHILL,125,House,205041094
1,1,"1 GAYLE COURT, CLAYTON SOUTH",-37.957438,145.133572,3.0,1.0,2,$180_Week,Rental_residential,October 2006,3169,2006,10,SOUTH,180,Other,212041310
2,2,"5 / 5 BURNS AVE, CLAYTON SOUTH",-37.936524,145.134469,2.0,1.0,1,$230,Apartment,December 2006,3169,2006,12,SOUTH,230,Apartment,212041310
3,3,"10/2 MONASH GREEN DRIVE, CLAYTON",-37.918788,145.127626,2.0,1.0,1,$240,Unit,December 2006,3168,2006,12,CLAYTON,240,Apartment,212051568
4,4,"9 BURTON AVENUE, CLAYTON",-37.926327,145.115883,4.0,3.0,1,$250,Townhouse,November 2006,3168,2006,11,CLAYTON,250,House,212051568
5,5,"-37.93001,145.421908, CLEMATIS",-37.93001,145.421908,3.0,1.0,0,$220_Week,House,November 2006,3782,2006,11,CLEMATIS,220,House,212011289
6,6,"14 KIEWA STREET, CLIFTON HILL",-37.79235,145.000221,2.0,1.0,0,$340,Rental_residential,November 2006,3068,2006,11,HILL,340,Other,206071145
7,7,"3/5 INDUSTRY LANE, COBURG",-37.74493,144.96469,2.0,1.0,1,$300,Rental_residential,December 2006,3058,2006,12,COBURG,300,Other,206011497
8,8,"2/29 COBURG STREET, COBURG",-37.747604,144.970613,3.0,1.0,1,$260_Week,Available Now,November 2006,3058,2006,11,COBURG,260,Other,206011497
9,9,"4/36 THE GROVE, COBURG",-37.751916,144.969914,2.0,1.0,1,$255,Townhouse,December 2006,3058,2006,12,COBURG,255,House,206011497
10,10,"22 GLEN ROAD, COCKATOO",-37.937274,145.486381,2.0,1.0,0,$200_Week,House,November 2006,3781,2006,11,COCKATOO,200,House,212011289
11,11,"29A VICTORIA PARADE, COLLINGWOOD",-37.808649,144.983618,2.0,1.0,0,$270,Rental_residential,November 2006,3066,2006,11,COLLINGWOOD,270,Other,206071141
12,12,"11/99 OXFORD STREET, COLLINGWOOD",-37.80365372,144.98460388,1.0,1.0,1,$290,Unit,November 2006,3066,2006,11,COLLINGWOOD,290,Apartment,206071141
13,14,"16 BEDDOWS STREET, BURWOOD",-37.853564,145.117521,4.0,2.0,1,$300,House,December 2006,3125,2006,12,BURWOOD,300,House,207031165
14,15,"16 BEDDOWS STREET, BURWOOD",-37.853564,145.117521,4.0,2.0,1,$300_Week,House,November 2006,3125,2006,11,BURWOOD,300,House,207031165
15,16,"252 HIGHFIELD ROAD, CAMBERWELL",-37.848314,145.082571,3.0,2.0,3,$680,House,November 2006,3124,2006,11,CAMBERWELL,680,House,207011149
16,17,"2/596 RIVERSDALE ROAD, CAMBERWELL",-37.83227158,145.06324768,2.0,1.0,1,$270,Available Now,November 2006,3124,2006,11,CAMBERWELL,270,Other,207011149
17,18,"3/894-896 TOORAK ROAD, CAMBERWELL",-37.84629822,145.05543518,3.0,2.0,1,$400,Rental_residential,December 2006,3124,2006,12,CAMBERWELL,400,Other,207011150
18,19,"1711/668 BOURKE STREET, MELBOURNE",-37.816897,144.953675,3.0,2.0,2,$540,Available Now,December 2006,3000,2006,12,MELBOURNE,540,Other,206041505
19,20,"32 CHRISTOPHER CRESCENT, MELTON",-37.685577,144.573168,3.0,1.0,1,$185_Week,House,November 2006,3337,2006,11,MELTON,185,House,213041577
20,21,"3/30 SEA PARADE, MENTONE",-37.98299789,145.05371094,2.0,1.0,1,$270,Rental_residential,October 2006,3194,2006,10,MENTONE,270,Other,208031190
21,22,"1/77 PATTY STREET, MENTONE",-37.97831,145.066961,3.0,1.0,1,$375,Rental_residential,December 2006,3194,2006,12,MENTONE,375,Other,208031190
22,23,"8/2-4 SALMON STREET, MENTONE",-37.9790535,145.06227112,1.0,1.0,1,$145,Rental_residential,November 2006,3194,2006,11,MENTONE,145,Other,208031190
23,24,"6 / 8 COMMERCIAL ROAD, MENTONE",-37.985738,145.065634,2.0,1.0,1,$300_Week,none,November 2006,3194,2006,11,MENTONE,300,Other,208031190
24,25,"5/5 STATION STREET, MENTONE",-37.98222351,145.06625366,1.0,1.0,1,$185,Rental_residential,November 2006,3194,2006,11,MENTONE,185,Other,208031190
25,26,"1/50 BALCOMBE ROAD, MENTONE",-37.981502,145.068097,3.0,3.0,2,$480,Rental_residential,November 2006,3194,2006,11,MENTONE,480,Other,208031190
26,27,"12/56 MILAN STREET, MENTONE",-37.98303223,145.06063843,2.0,1.0,1,$200,Rental_residential,November 2006,3194,2006,11,MENTONE,200,Other,208031190
27,28,"125C SEVENTH STREET, MERBEIN SOUTH",-34.2045981,142.0387241,4.0,2.0,2,$250_Week,House,November 2006,3505,2006,11,SOUTH,250,House,215021396
28,29,"51 BOUNDARY ROAD, MEREDITH",-37.826186,144.044756,3.0,1.0,1,$180_Week,House,October 2006,3333,2006,10,MEREDITH,180,House,203011035
29,30,"172 CANTERBURY ROAD, MIDDLE PARK",-37.853158,144.969079,2.0,1.0,0,$355_Mid,House,November 2006,3206,2006,11,PARK,355,House,206051128
30,31,"23 WRIGHT STREET, MIDDLE PARK",-37.84669,144.96075,3.0,3.0,1,$330_Mid,none,December 2006,3206,2006,12,PARK,330,Other,206051128
31,32,"1/18 PATTERSON STREET, MIDDLE PARK",-37.85435104,144.96452332,2.0,1.0,1,$275_Mid,Rental_residential,November 2006,3206,2006,11,PARK,275,Other,206051128
32,33,"204 RICHARDSON STREET, MIDDLE PARK",-37.848215,144.958765,2.0,1.0,1,$550_Mid,Rental_residential,December 2006,3206,2006,12,PARK,550,Other,206051128
33,35,"4/72 PATTERSON STREET, MIDDLE PARK",-37.85546112,144.96662903,1.0,1.0,1,$220_Mid,Rental_residential,December 2006,3206,2006,12,PARK,220,Other,206051128
34,36,"11/5 - 7 HAROLD STREET, MIDDLE PARK",-37.848476,144.961384,1.0,1.0,1,$340_Mid,Rental_residential,December 2006,3206,2006,12,PARK,340,Other,206051128
35,37,"3/51 NIMMO STREET, MIDDLE PARK",-37.850501,144.962039,2.0,1.0,1,$375_Mid,none,November 2006,3206,2006,11,PARK,375,Other,206051128
36,38,"2/51 NIMMO STREET, MIDDLE PARK",-37.850501,144.962039,2.0,1.0,1,$360_Mid,Rental_residential,October 2006,3206,2006,10,PARK,360,Other,206051128
37,39,"326 RICHARDSON STREET, MIDDLE PARK",-37.852041,144.965831,2.0,1.0,1,$350_Mid,Rental_residential,November 2006,3206,2006,11,PARK,350,Other,206051128
38,40,"42 SEVENTH STREET, MILDURA",-34.189769,142.171985,3.0,1.0,2,$200,Rental_residential,November 2006,3500,2006,11,MILDURA,200,Other,215021469
39,41,"17 PATRICK STREET, MILLGROVE",-37.746826,145.661548,3.0,1.0,0,$175_Week,House,November 2006,3799,2006,11,MILLGROVE,175,House,211051286
40,42,"23 WANDONG AVENUE, WANDONG",-37.35751785,145.02833315,2.0,1.0,1,$170_Week,House,November 2006,3758,2006,11,WANDONG,170,House,209041224
41,43,"17 HINCHLEY STREET, WANGARATTA",-36.356764,146.299309,3.0,1.0,2,$240_Week,House,November 2006,3677,2006,11,WANGARATTA,240,House,204021066
42,44,"2/13 THOMSON STREET, WANGARATTA",-36.368739,146.318901,2.0,1.0,1,$120_Week,none,October 2006,3677,2006,10,WANGARATTA,120,Other,204021066
43,45,"63 NORTH ROAD, WARRAGUL",-38.159412,145.949167,3.0,2.0,2,$185_Week,House,November 2006,3820,2006,11,WARRAGUL,185,House,205011079
44,46,"20 DAISY STREET, WARRANWOOD",-37.771689,145.244089,4.0,2.0,2,$380_Week,House,November 2006,3134,2006,11,WARRANWOOD,380,House,211031265
45,47,"27 DUNFIELD DRIVE, GLADSTONE PARK",-37.686147,144.895315,3.0,1.0,3,$225_Week,House,November 2006,3043,2006,11,PARK,225,House,210051245
46,48,"1 DINGLEY CLOSE, GLADSTONE PARK",-37.686288,144.89869,3.0,1.0,1,$230,House,November 2006,3043,2006,11,PARK,230,House,210051245
47,49,"8/15 WARATAH AVENUE, GLEN HUNTLY",-37.891661,145.042483,1.0,1.0,1,$157,Available Now,November 2006,3163,2006,11,HUNTLY,157,Other,208021182
48,50,"22 ELLIS ROAD, GLEN IRIS",-37.86,145.046815,4.0,2.0,2,$680,none,October 2006,3146,2006,10,IRIS,680,Other,208041194
49,51,"8/46 SCOTT GROVE, GLEN IRIS",-37.85461426,145.050354,2.0,1.0,1,$265,none,December 2006,3146,2006,12,IRIS,265,Other,208041194
50,52,"2 FERNDALE ROAD, GLEN IRIS",-37.855005,145.06852,5.0,2.0,2,$750,Available Now,December 2006,3146,2006,12,IRIS,750,Other,207011150
51,53,"9A LITHGOW STREET, GLEN IRIS",-37.850125,145.081979,2.0,1.0,1,$270,House,November 2006,3146,2006,11,IRIS,270,House,207011150
52,54,"1/1 FRANCESCO STREET, BENTLEIGH EAST",-37.92020035,145.05574036,3.0,1.0,2,$250,Rental_residential,December 2006,3165,2006,12,EAST,250,Other,208021426
53,55,"21 ROCHFORD STREET, BENTLEIGH EAST",-37.906838,145.057884,3.0,1.0,2,$260,Rental_residential,November 2006,3165,2006,11,EAST,260,Other,208021426
54,56,"1/16 BESSIE STREET, BENTLEIGH EAST",-37.92569351,145.08106995,3.0,2.0,1,$395,Rental_residential,November 2006,3165,2006,11,EAST,395,Other,208021427
55,57,"6/13 PHILLIP STREET, BENTLEIGH",-37.92409,145.034414,2.0,1.0,1,$195,none,December 2006,3204,2006,12,BENTLEIGH,195,Other,208021174
56,58,"8/207 CENTRE ROAD, BENTLEIGH",-37.9168129,145.02645874,2.0,1.0,1,$235,Rental_residential,November 2006,3204,2006,11,BENTLEIGH,235,Other,208021174
57,59,"1 HOWITT COURT, BERWICK",-38.02383,145.32452,4.0,2.0,2,$230,House,November 2006,3806,2006,11,BERWICK,230,House,212021293
58,60,"10/10 PARKHILL DRIVE, BERWICK",-38.02732468,145.32804871,3.0,2.0,1,$250,Townhouse,November 2006,3806,2006,11,BERWICK,250,House,212021293
59,61,"9 SPOONBILL STREET, BERWICK",-38.062788,145.332992,4.0,2.0,2,$290,House,November 2006,3806,2006,11,BERWICK,290,House,212021554
60,62,"1/6 FIRST STREET, BLACK ROCK",-37.97750854,145.01922607,2.0,1.0,1,$230,none,November 2006,3193,2006,11,ROCK,230,Other,208011173
61,63,"2 / 149 BLUFF ROAD, BLACK ROCK",-37.96472549,145.01823425,2.0,1.0,2,$350,none,December 2006,3193,2006,12,ROCK,350,Other,208011173
62,64,"8/85 SURREY ROAD, BLACKBURN NORTH",-37.807528,145.158979,1.0,1.0,1,$170,Rental_residential,December 2006,3130,2006,12,NORTH,170,Other,207031161
63,65,"8/85 SURREY ROAD, BLACKBURN NORTH",-37.807528,145.158979,1.0,1.0,1,$170_Week,Rental_residential,November 2006,3130,2006,11,NORTH,170,Other,207031161
64,66,"25 MCNAMARA AVENUE, AIRPORT WEST",-37.729434,144.880894,3.0,1.0,1,$260,House,December 2006,3042,2006,12,WEST,260,House,210011226
65,67,"25 MCNAMARA AVENUE, AIRPORT WEST",-37.729434,144.880894,3.0,1.0,1,$260_Week,House,November 2006,3042,2006,11,WEST,260,House,210011226
66,68,"4/119 DANKS STREET, ALBERT PARK",-37.846203,144.949898,2.0,1.0,0,$310,none,December 2006,3206,2006,12,PARK,310,Other,206051128
67,69,"3/119 DANKS STREET, ALBERT PARK",-37.84621048,144.95018005,2.0,1.0,0,$350,Rental_residential,October 2006,3206,2006,10,PARK,350,Other,206051128
68,70,"41 WITHERS STREET, ALBERT PARK",-37.846134,144.947924,2.0,1.0,0,$450,House,November 2006,3206,2006,11,PARK,450,House,206051128
69,71,"4/74 KERFERD ROAD, ALBERT PARK",-37.84446335,144.95593262,1.0,1.0,0,$195,none,December 2006,3206,2006,12,PARK,195,Other,206051128
70,72,"24 KERFERD PLACE, ALBERT PARK",-37.842067,144.957094,3.0,2.0,0,$600,House,December 2006,3206,2006,12,PARK,600,House,206051128
71,73,"7 HANSEN STREET, ALTONA EAST",-37.839549,144.864444,4.0,2.0,2,$270,House,October 2006,3025,2006,10,EAST,270,House,213021343
72,74,"1/45 EPSOM STREET, ALTONA MEADOWS",-37.86845398,144.7702179,2.0,1.0,1,$165,Unit,November 2006,3028,2006,11,MEADOWS,165,Apartment,213021342
73,75,"1/144 VICTORIA STREET, ALTONA MEADOWS",-37.87713623,144.78564453,2.0,1.0,1,$170,Unit,November 2006,3028,2006,11,MEADOWS,170,Apartment,213021342
74,76,"266 MASON STREET, ALTONA NORTH",-37.83944,144.857988,3.0,1.0,3,$280,House,November 2006,3025,2006,11,NORTH,280,House,213021343
75,77,"1A BERKELEY CRESCENT, ALTONA NORTH",-37.845944,144.847562,2.0,2.0,1,$190,House,October 2006,3025,2006,10,NORTH,190,House,213021343
76,78,"108 THIRD AVENUE, ALTONA NORTH",-37.831939,144.853487,3.0,2.0,1,$320,House,November 2006,3025,2006,11,NORTH,320,House,213021343
77,79,"4/163 QUEEN STREET, ALTONA",-37.86948776,144.82568359,2.0,1.0,1,$240,none,November 2006,3018,2006,11,ALTONA,240,Other,213021341
78,80,"1/12 NAVIGATOR STREET, MARIBYRNONG",-37.76811981,144.89854431,1.0,1.0,1,$175,Unit,December 2006,3032,2006,12,MARIBYRNONG,175,Apartment,213031349
79,81,"10/82 RALEIGH ROAD, MARIBYRNONG",-37.768881,144.891825,2.0,1.0,1,$220,none,December 2006,3032,2006,12,MARIBYRNONG,220,Other,213031349
80,82,"5/91 RALEIGH ROAD, MARIBYRNONG",-37.76910782,144.89178467,3.0,1.0,2,$280,Townhouse,December 2006,3032,2006,12,MARIBYRNONG,280,House,213031349
81,83,"37 FORGE CLOSE, MARIBYRNONG",-37.773245,144.879261,3.0,2.0,2,$345,Townhouse,November 2006,3032,2006,11,MARIBYRNONG,345,House,213031349
82,84,"4/11 CHIFLEY DRIVE, MARIBYRNONG",-37.76827621,144.90118408,2.0,1.0,1,$170,Rental_residential,November 2006,3032,2006,11,MARIBYRNONG,170,Other,213031349
83,85,"2/11 GLEN ORME AVENUE, MCKINNON",-37.91093,145.037485,2.0,1.0,1,$240_Week,none,October 2006,3204,2006,10,MCKINNON,240,Other,208021174
84,86,"8 CARTWRIGHT COURT, MEENIYAN",-38.581807,146.008969,3.0,1.0,1,$155_Week,House,November 2006,3956,2006,11,MEENIYAN,155,House,205031087
85,87,"325 COLLINS STREET, MELBOURNE",-37.81647873,144.96333313,2.0,2.0,1,$630_pw,Available Now,November 2006,3000,2006,11,MELBOURNE,630,Other,206041505
86,88,"325 COLLINS STREET, MELBOURNE",-37.81647873,144.96333313,2.0,2.0,1,$330_pw,Available Now,October 2006,3000,2006,10,MELBOURNE,330,Other,206041505
87,89,"32 GRESSWELL PARK DRIVE, WATSONIA",-37.710506,145.075021,3.0,2.0,2,$310,none,December 2006,3087,2006,12,WATSONIA,310,Other,209011204
88,90,"32 GRESSWELL PARK DRIVE, WATSONIA",-37.710506,145.075021,3.0,2.0,2,$310_Week,none,November 2006,3087,2006,11,WATSONIA,310,Other,209011204
89,91,"1 GILES COURT, WERRIBEE",-37.886405,144.672862,3.0,2.0,2,$180_Week,House,November 2006,3030,2006,11,WERRIBEE,180,House,213051467
90,92,"28 WERRIMULL SOUTH ROAD, WERRIMULL",-34.390058,141.595836,1.0,1.0,0,$120_Week,House,November 2006,3496,2006,11,WERRIMULL,120,House,215021398
91,93,"20 FOREST ROAD, WESBURN",-37.786008,145.65471,2.0,1.0,1,$195_Week,House,November 2006,3799,2006,11,WESBURN,195,House,211051286
92,94,"2 HESSE COURT, WESTMEADOWS",-37.670225,144.902533,3.0,1.0,3,$200_Week,Available Now,October 2006,3049,2006,10,WESTMEADOWS,200,Other,210051245
93,95,"2 DOOEN COURT, WESTMEADOWS",-37.674216,144.901534,2.0,1.0,1,$220,House,December 2006,3049,2006,12,WESTMEADOWS,220,House,210051245
94,96,"2 DOOEN COURT, WESTMEADOWS",-37.674216,144.901534,2.0,1.0,1,$220_Week,House,November 2006,3049,2006,11,WESTMEADOWS,220,House,210051245
95,97,"6 BASIL CRESCENT, WHEELERS HILL",-37.904682,145.197667,5.0,3.0,4,$420,House,November 2006,3150,2006,11,HILL,420,House,212051327
96,98,"50 EARLWOOD DRIVE, WHEELERS HILL",-37.910826,145.178225,3.0,1.0,2,$350,House,November 2006,3150,2006,11,HILL,350,House,212051327
97,99,"11 GREY ROAD, DARLIMURLA",-38.374746,146.182989,4.0,2.0,2,$250_Week,House,November 2006,3871,2006,11,DARLIMURLA,250,House,205031090
98,100,"12 GRANITE WAY, DELAHEY",-37.722019,144.766372,3.0,2.0,4,$230,House,November 2006,3037,2006,11,DELAHEY,230,House,213011331
99,101,"54 MURRAY VALLEY HIGHWAY, NYAH",-35.17561,143.37736,3.0,1.0,2,$160_Week,House,November 2006,3594,2006,11,NYAH,160,House,215031405
100,102,"3/22 GREGORY STREET, OAK PARK",-37.72228241,144.91589355,2.0,1.0,1,$270,none,November 2006,3046,2006,11,PARK,270,Other,210031537
101,103,"3/59-61 RHODES PARADE, OAK PARK",-37.715213,144.925254,2.0,1.0,1,$180,Rental_residential,December 2006,3046,2006,12,PARK,180,Other,210031537
102,104,"3/59-61 RHODES PARADE, OAK PARK",-37.715213,144.925254,2.0,1.0,1,$180_Week,Rental_residential,November 2006,3046,2006,11,PARK,180,Other,210031537
103,105,"7/498 NORTH ROAD, ORMOND",-37.90391922,145.03788757,2.0,2.0,2,$325,none,November 2006,3204,2006,11,ORMOND,325,Other,208021182
104,106,"8 / 174 BEACH ROAD, PARKDALE",-38.00301361,145.07955933,2.0,1.0,1,$250,none,December 2006,3195,2006,12,PARKDALE,250,Other,208031193
105,107,"RMB 6635 HALLS AND PORCHES ROAD, NILMA NORTH",-38.1449666,145.9868351,1.0,1.0,1,$587,House,November 2006,3821,2006,11,NORTH,587,House,205011079
106,108,"15/28-30 DUNBLANE ROAD, NOBLE PARK",-37.96305084,145.1803894,2.0,1.0,2,$265,Townhouse,December 2006,3174,2006,12,PARK,265,House,212041459
107,109,"2 SIMPSON STREET, NOBLE PARK",-37.964773,145.166772,3.0,1.0,2,$245,none,October 2006,3174,2006,10,PARK,245,Other,212041460
108,110,"A12/335 ABBOTSFORD STREET, NORTH MELBOURNE",-37.799318,144.945801,1.0,1.0,1,$200_Week,Unit,October 2006,3051,2006,10,MELBOURNE,200,Apartment,206041506
109,111,"14/342 DRYBURGH STREET, NORTH MELBOURNE",-37.80441,144.943285,2.0,1.0,1,$280_Week,Unit,October 2006,3051,2006,10,MELBOURNE,280,Apartment,206041506
110,112,"15 HARPER STREET, NORTHCOTE",-37.780632,145.001684,3.0,1.0,1,$330,House,November 2006,3070,2006,11,NORTHCOTE,330,House,206021499
111,113,"1/6-12 PEARL STREET, NORTHCOTE",-37.778889,144.997477,2.0,1.0,2,$330,none,November 2006,3070,2006,11,NORTHCOTE,330,Other,206021499
112,114,"13/54 JAMES STREET, NORTHCOTE",-37.77548218,144.9987793,2.0,1.0,1,$280,none,October 2006,3070,2006,10,NORTHCOTE,280,Other,206021499
113,115,"20 MASON STREET, REGENT WEST",-37.73386,145.008343,3.0,1.0,4,$340,House,December 2006,3073,2006,12,WEST,340,House,209021428
114,116,"23 QUEEN STREET, REGENT WEST",-37.7118644,145.0107588,4.0,2.0,0,$330,House,December 2006,3073,2006,12,WEST,330,House,209021523
115,117,"17 PERSHING STREET, REGENT WEST",-37.72550583,144.99414062,2.0,1.0,1,$215,House,November 2006,3073,2006,11,WEST,215,House,209021526
116,118,"17 PERSHING STREET, REGENT WEST",-37.72550583,144.99414062,2.0,1.0,1,$215,House,December 2006,3073,2006,12,WEST,215,House,209021526
117,119,"44 RONA STREET, REGENT WEST",-37.732672,145.022008,2.0,1.0,1,$250,House,November 2006,3073,2006,11,WEST,250,House,209021428
118,120,"17 KALIMNA STREET, REGENT",-37.730026,144.997103,3.0,2.0,1,$390,Townhouse,December 2006,3073,2006,12,REGENT,390,House,209021429
119,121,"105 SPRING STREET, REGENT",-37.729217,145.000633,4.0,2.0,3,$300,House,December 2006,3073,2006,12,REGENT,300,House,209021526
120,122,"1/54-56 ST VIGEONS ROAD, RESERVOIR",-37.706804,145.02706,2.0,1.0,1,$170,Rental_residential,December 2006,3073,2006,12,RESERVOIR,170,Other,209021523
121,123,"6/261-263 BROADWAY, RESERVOIR",-37.71721649,145.00976562,1.0,1.0,1,$200,none,November 2006,3073,2006,11,RESERVOIR,200,Other,209021525
122,124,"2/835 PLENTY ROAD, RESERVOIR",-37.72390366,145.02740479,3.0,1.0,2,$210,Available Now,December 2006,3073,2006,12,RESERVOIR,210,Other,209021525
123,125,"162 MARY STREET, RICHMOND",-37.824732,145.000981,2.0,2.0,2,$475,Townhouse,November 2006,3121,2006,11,RICHMOND,475,House,206071517
124,126,"9/23 DAVISON STREET, RICHMOND",-37.813077,145.008279,1.0,1.0,1,$180,Unit,December 2006,3121,2006,12,RICHMOND,180,Apartment,206071518
125,127,"4/81 EDINBURGH STREET, RICHMOND",-37.825782,145.005652,1.0,1.0,1,$210,Rental_residential,November 2006,3121,2006,11,RICHMOND,210,Other,206071517
126,128,"7/26 DAVISON STREET, RICHMOND",-37.81244659,145.00810242,1.0,1.0,1,$185,none,December 2006,3121,2006,12,RICHMOND,185,Other,206071518
127,129,"55 BUNTING STREET, RICHMOND",-37.825307,145.009273,2.0,1.0,0,$310,House,October 2006,3121,2006,10,RICHMOND,310,House,206071517
128,130,"80 SOMERSET STREET, RICHMOND",-37.815954,145.004037,2.0,1.0,0,$350_Week,House,November 2006,3121,2006,11,RICHMOND,350,House,206071518
129,131,"3/5 MARWARRA STREET, RINGWOOD EAST",-37.818551,145.24441,2.0,1.0,1,$200_Week,Rental_residential,November 2006,3135,2006,11,EAST,200,Other,211031267
130,132,"16 MARWARRA STREET, RINGWOOD EAST",-37.81597,145.242518,3.0,1.0,2,$265,House,November 2006,3135,2006,11,EAST,265,House,211031267
131,133,"1/23 WILANA STREET, RINGWOOD",-37.816566,145.232972,2.0,1.0,2,$225,none,November 2006,3134,2006,11,RINGWOOD,225,Other,211031266
132,134,"10 COULSTOCK STREET, EPPING",-37.650232,145.032922,2.0,1.0,2,$220,House,December 2006,3076,2006,12,EPPING,220,House,209041432
133,135,"10 COULSTOCK STREET, EPPING",-37.650232,145.032922,2.0,1.0,2,$220_Week,House,November 2006,3076,2006,11,EPPING,220,House,209041432
134,136,"2/220 PASCOE VALE ROAD, ESSENDON",-37.75356674,144.92591858,1.0,1.0,1,$155,Rental_residential,November 2006,3040,2006,11,ESSENDON,155,Other,206031502
135,137,"1/110 BRADSHAW STREET, ESSENDON",-37.73928833,144.89573669,3.0,1.0,1,$360_Week,Townhouse,November 2006,3040,2006,11,ESSENDON,360,House,206031501
136,138,"1/110 BRADSHAW STREET, ESSENDON",-37.73928833,144.89573669,3.0,1.0,1,$360,Townhouse,October 2006,3040,2006,10,ESSENDON,360,House,206031501
137,139,"15/56 NICHOLSON STREET, ESSENDON",-37.75204468,144.92121887,1.0,1.0,1,$200,none,November 2006,3040,2006,11,ESSENDON,200,Other,206031502
138,140,"2 / 5 KALIMNA STREET, ESSENDON",-37.7502594,144.92277527,2.0,1.0,1,$190,none,October 2006,3040,2006,10,ESSENDON,190,Other,206031502
139,142,"4/30 RICHARDSON STREET, ESSENDON",-37.75121689,144.91326904,1.0,1.0,1,$195,Rental_residential,November 2006,3040,2006,11,ESSENDON,195,Other,206031502
140,143,"4/23 HODDLE STREET, ESSENDON",-37.75555,144.922925,2.0,1.0,1,$280_Week,Rental_residential,November 2006,3040,2006,11,ESSENDON,280,Other,206031502
141,144,"10/42 GILLIES STREET, FAIRFIELD",-37.78032684,145.01652527,1.0,1.0,1,$160,none,October 2006,3078,2006,10,FAIRFIELD,160,Other,206021110
142,145,"5 WURRUK STREET, FAWKNER",-37.712823,144.971437,3.0,1.0,2,$200_Week,House,November 2006,3060,2006,11,FAWKNER,200,House,210031237
143,146,"54 AUSTIN STREET, FERNTREE GULLY",-37.881232,145.286142,2.0,1.0,1,$195_Week,none,October 2006,3156,2006,10,GULLY,195,Other,211011447
144,147,"4 TRANMERE STREET, FITZROY NORTH",-37.78478,144.9817,3.0,1.0,1,$360,none,October 2006,3068,2006,10,NORTH,360,Other,206071143
145,148,"167 SCOTCHMER STREET, FITZROY NORTH",-37.783303,144.984943,2.0,1.0,1,$390,Rental_residential,November 2006,3068,2006,11,NORTH,390,Other,206071143
146,149,"2/50 SPRING STREET, FITZROY",-37.79582214,144.97654724,2.0,1.0,1,$420,Rental_residential,November 2006,3065,2006,11,FITZROY,420,Other,206071142
147,150,"11/41 NAPIER STREET, FITZROY",-37.80696106,144.9790802,1.0,1.0,0,$210,Rental_residential,November 2006,3065,2006,11,FITZROY,210,Other,206071142
148,151,"10 LEICESTER STREET, FITZROY",-37.795203,144.976317,3.0,2.0,0,$460,Rental_residential,December 2006,3065,2006,12,FITZROY,460,Other,206071142
149,152,"313 YOUNG STREET, FITZROY",-37.796471,144.979813,2.0,1.0,0,$340,House,November 2006,3065,2006,11,FITZROY,340,House,206071142
150,153,"1/33 SEYMOUR GROVE, CAMBERWELL",-37.83588409,145.0581665,2.0,1.0,1,$250,Rental_residential,October 2006,3124,2006,10,CAMBERWELL,250,Other,207011149
151,154,"6/11 SEYMOUR GROVE, CAMBERWELL",-37.83608246,145.05992126,2.0,1.0,1,$240,none,November 2006,3124,2006,11,CAMBERWELL,240,Other,207011149
152,155,"1/147 PROSPECT HILL ROAD, CANTERBURY",-37.82987976,145.07504272,2.0,1.0,1,$275,none,November 2006,3126,2006,11,CANTERBURY,275,Other,207011155
153,157,"521 NICHOLSON STREET, CARLTON NORTH",-37.787286,144.976534,2.0,1.0,0,$350,none,November 2006,3054,2006,11,NORTH,350,Other,206071140
154,158,"11/1023 RATHDOWNE STREET, CARLTON NORTH",-37.780777,144.973176,2.0,1.0,1,$320,Rental_residential,December 2006,3054,2006,12,NORTH,320,Other,206071140
155,159,"93 FENWICK STREET, CARLTON NORTH",-37.787868,144.973111,2.0,1.0,1,$400_-_$420,none,October 2006,3054,2006,10,NORTH,420,Other,206071140
156,160,"46 KEELEY LANE, CARLTON NORTH",-37.782538,144.969366,1.0,1.0,1,$300,Townhouse,November 2006,3054,2006,11,NORTH,300,House,206071140
157,161,"112 PATERSON STREET, CARLTON NORTH",-37.782499,144.965703,2.0,1.0,0,$330,Rental_residential,November 2006,3054,2006,11,NORTH,330,Other,206071140
158,162,"817 RATHDOWNE STREET, CARLTON NORTH",-37.785312,144.972306,3.0,1.0,0,$485,Rental_residential,November 2006,3054,2006,11,NORTH,485,Other,206071140
159,163,"173 FENWICK STREET, CARLTON NORTH",-37.787526,144.97002,3.0,1.0,0,$380,House,November 2006,3054,2006,11,NORTH,380,House,206071140
160,164,"23/25 BARKLY STREET, CARLTON",-37.79850006,144.97451782,2.0,1.0,1,$300,none,December 2006,3053,2006,12,CARLTON,300,Other,206041117
161,165,"926 SWANSTON STREET, CARLTON",-37.79476,144.9652,4.0,1.0,1,$550,Available Now,November 2006,3053,2006,11,CARLTON,550,Other,206041117
162,166,"22/109 LYGON STREET, CARLTON",-37.80450821,144.96600342,1.0,1.0,1,$180,Studio,November 2006,3053,2006,11,CARLTON,180,Apartment,206041117
163,167,"68 PALMERSTON STREET, CARLTON",-37.796321,144.972642,3.0,2.0,1,$550,House,October 2006,3053,2006,10,CARLTON,550,House,206041117
164,168,"7/35 TRANMERE AVENUE, CARNEGIE",-37.89057922,145.06112671,2.0,1.0,1,$235,Rental_residential,November 2006,3163,2006,11,CARNEGIE,235,Other,208021176
165,169,"7/35 TRANMERE AVENUE, CARNEGIE",-37.89057922,145.06112671,2.0,1.0,1,$235,Rental_residential,October 2006,3163,2006,10,CARNEGIE,235,Other,208021176
166,170,"8 / 41 SHEPPARSON AVENUE, CARNEGIE",-37.89133072,145.05758667,1.0,1.0,1,$175,none,November 2006,3163,2006,11,CARNEGIE,175,Other,208021176
167,171,"8 / 41 SHEPPARSON AVENUE, CARNEGIE",-37.89133072,145.05758667,1.0,1.0,1,$175,none,October 2006,3163,2006,10,CARNEGIE,175,Other,208021176
168,172,"1/18 VIEW ROAD, BAYSWATER",-37.84173,145.26193,3.0,1.0,2,$245_Week,none,November 2006,3153,2006,11,BAYSWATER,245,Other,211011251
169,175,"3 MERRIGUM LANE, BELGRAVE",-37.915338,145.342558,4.0,2.0,1,$310,House,November 2006,3160,2006,11,BELGRAVE,310,House,211051274
170,176,"6 APALOOSA COURT, BELMONT",-38.191142,144.330301,3.0,2.0,2,$230,Rental_residential,October 2006,3216,2006,10,BELMONT,230,Other,203021037
171,177,"40A EAGLEHAWK ROAD, BENDIGO",-36.755546,144.26572,3.0,1.0,1,$150,House,November 2006,3550,2006,11,BENDIGO,150,House,202011018
172,178,"2/10 CASTLEY CRESCENT, BRAYBROOK",-37.78360748,144.86009216,1.0,1.0,1,$200,none,October 2006,3019,2006,10,BRAYBROOK,200,Other,213031347
173,179,"26 TRELOAR CRESCENT, BRAYBROOK",-37.78519,144.84761,3.0,1.0,1,$170_Week,House,November 2006,3019,2006,11,BRAYBROOK,170,House,213031347
174,180,"1/133 COCHRANE STREET, BRIGHTON",-37.89300156,144.9997406,4.0,2.0,2,$330,none,November 2006,3186,2006,11,BRIGHTON,330,Other,208011169
175,181,"1/133 COCHRANE STREET, BRIGHTON",-37.89300156,144.9997406,4.0,2.0,2,$330,none,October 2006,3186,2006,10,BRIGHTON,330,Other,208011169
176,182,"55 ACADEMY DRIVE, BROADMEADOWS",-37.673805,144.944046,3.0,2.0,2,$230_Week,House,November 2006,3047,2006,11,BROADMEADOWS,230,House,210051243
177,183,"9B STANHOPE STREET, BROADMEADOWS",-37.686229,144.934605,1.0,1.0,1,$120_Week,Unit,November 2006,3047,2006,11,BROADMEADOWS,120,Apartment,210051242
178,184,"7/558 MORELAND ROAD, BRUNSWICK WEST",-37.754319,144.954044,1.0,1.0,1,$160,Rental_residential,November 2006,3055,2006,11,WEST,160,Other,206011495
179,185,"14 ASHMORE STREET, BRUNSWICK",-37.763478,144.971348,2.0,1.0,0,$280,House,November 2006,3056,2006,11,BRUNSWICK,280,House,206011495
180,186,"53 DUNSTAN AVENUE, BRUNSWICK",-37.757826,144.973387,2.0,1.0,0,$260,Rental_residential,November 2006,3056,2006,11,BRUNSWICK,260,Other,206011495
181,187,"13 THE CREST, ATTWOOD",-37.6734,144.888719,4.0,2.0,2,$290,none,October 2006,3049,2006,10,ATTWOOD,290,Other,210051245
182,188,"58 MACEY AVENUE, AVONDALE HEIGHTS",-37.763524,144.863893,3.0,1.0,1,$210,Rental_residential,December 2006,3034,2006,12,HEIGHTS,210,Other,210011533
183,189,"473 BELGRAVE-GEMBROOK ROAD, AVONSLEIGH",-37.924614,145.47316,3.0,2.0,1,$205_Week,none,November 2006,3782,2006,11,AVONSLEIGH,205,Other,212011289
184,190,"9/21 CHUSAN STREET, BALACLAVA",-37.86719,144.99903,1.0,1.0,1,$160,Rental_residential,December 2006,3183,2006,12,BALACLAVA,160,Other,206051134
185,191,"210 NEILL STREET, BALLARAT",-37.55631,143.860517,3.0,1.0,1,$220,none,October 2006,3350,2006,10,BALLARAT,220,Other,201011482
186,192,"300 STAUGHTON VALE ROAD, BALLIANG",-37.86424065,144.27925515,4.0,2.0,4,$270_Week,House,November 2006,3340,2006,11,BALLIANG,270,House,203021043
187,193,"5 LEXTON STREET, BALWYN NORTH",-37.800577,145.067599,2.0,1.0,1,$280,House,November 2006,3104,2006,11,NORTH,280,House,207011148
188,194,"4/178 DONCASTER ROAD, BALWYN NORTH",-37.79467392,145.08302307,3.0,1.0,1,$220,none,October 2006,3104,2006,10,NORTH,220,Other,207011148
189,195,"10/3 BOSTON ROAD, BALWYN",-37.81676102,145.0771637,2.0,1.0,1,$255,none,December 2006,3103,2006,12,BALWYN,255,Other,207011147
190,196,"1/1 PARRING ROAD, BALWYN",-37.81316757,145.09060669,2.0,2.0,1,$395,Available Now,December 2006,3103,2006,12,BALWYN,395,Other,207011147
191,197,"2/8 BEVAN STREET, BALWYN",-37.812674,145.074864,2.0,1.0,1,$250,Rental_residential,December 2006,3103,2006,12,BALWYN,250,Other,207011147
192,198,"3/88 VICTORIA STREET, WILLIAMSTOWN",-37.86087418,144.88912964,2.0,1.0,1,$230,none,December 2006,3016,2006,12,WILLIAMSTOWN,230,Other,213021346
193,199,"3/88 VICTORIA STREET, WILLIAMSTOWN",-37.86087418,144.88912964,2.0,1.0,1,$230,none,November 2006,3016,2006,11,WILLIAMSTOWN,230,Other,213021346
194,200,"23 CASPIAN TERRACE, WILLIAMSTOWN",-37.858435,144.874358,5.0,3.0,2,$570,House,December 2006,3016,2006,12,WILLIAMSTOWN,570,House,213021346
195,201,"27 JAMES STREET, WILLIAMSTOWN",-37.857491,144.900065,3.0,1.0,1,$300_Week,House,November 2006,3016,2006,11,WILLIAMSTOWN,300,House,213021346
196,202,"27 JAMES STREET, WILLIAMSTOWN",-37.857491,144.900065,3.0,1.0,1,$270,House,October 2006,3016,2006,10,WILLIAMSTOWN,270,House,213021346
197,203,"158B CECIL STREET, WILLIAMSTOWN",-37.860876,144.899932,3.0,1.0,1,$360,House,December 2006,3016,2006,12,WILLIAMSTOWN,360,House,213021346
198,204,"3/81 PASCO STREET, WILLIAMSTOWN",-37.86319733,144.89515686,2.0,1.0,1,$350,none,December 2006,3016,2006,12,WILLIAMSTOWN,350,Other,213021346
199,205,"31 RAILWAY CRESCENT, WILLIAMSTOWN",-37.866242,144.899589,2.0,1.0,0,$290,none,December 2006,3016,2006,12,WILLIAMSTOWN,290,Other,213021346
200,206,"31 RAILWAY CRESCENT, WILLIAMSTOWN",-37.866242,144.899589,2.0,1.0,0,$300,none,November 2006,3016,2006,11,WILLIAMSTOWN,300,Other,213021346
201,207,"2 MACLEAN STREET, WILLIAMSTOWN",-37.858546,144.89958,3.0,1.0,1,$300,House,December 2006,3016,2006,12,WILLIAMSTOWN,300,House,213021346
202,208,"2 MACLEAN STREET, WILLIAMSTOWN",-37.858546,144.89958,3.0,1.0,1,$300_Week,House,November 2006,3016,2006,11,WILLIAMSTOWN,300,House,213021346
203,209,"152 CECIL STREET, WILLIAMSTOWN",-37.861602,144.900153,2.0,1.0,0,$380,Rental_residential,December 2006,3016,2006,12,WILLIAMSTOWN,380,Other,213021346
204,210,"2/2 BOWMAN COURT, WODONGA",-36.12877655,146.86358643,2.0,1.0,1,$210,Rental_residential,November 2006,3690,2006,11,WODONGA,210,Other,204031073
205,211,"4/6 SKIPTON COURT, WODONGA",-36.12986,146.907663,1.0,1.0,1,$150,Rental_residential,November 2006,3690,2006,11,WODONGA,150,Other,204031492
206,212,"2/25 CHURCHILL STREET, DONCASTER EAST",-37.787203,145.160692,2.0,1.0,1,$220,none,December 2006,3109,2006,12,EAST,220,Other,207021425
207,213,"6/55 WETHERBY ROAD, DONCASTER",-37.791657,145.1428,3.0,1.0,1,$280,Townhouse,November 2006,3108,2006,11,DONCASTER,280,House,207021157
208,214,"4/4 HERBERT STREET, PASCOE VALE",-37.7253418,144.92185974,2.0,1.0,1,$300,Townhouse,October 2006,3044,2006,10,VALE,300,House,210031537
209,215,"5/4 HERBERT STREET, PASCOE VALE",-37.7253418,144.92185974,2.0,1.0,1,$280,Townhouse,October 2006,3044,2006,10,VALE,280,House,210031537
210,216,"4/16 ESSEX STREET, PASCOE VALE",-37.72719193,144.94721985,2.0,1.0,1,$245_Week,Rental_residential,November 2006,3044,2006,11,VALE,245,Other,210031538
211,217,"1/4 HERBERT STREET, PASCOE VALE",-37.725434,144.921734,2.0,2.0,1,$360,Townhouse,October 2006,3044,2006,10,VALE,360,House,210031537
212,218,"11 RIBBON COURT, PINES FOREST",-38.123512,145.155713,3.0,1.0,1,$175,House,November 2006,3200,2006,11,FOREST,175,House,214011372
213,219,"8/2A PARKSIDE STREET, ELSTERNWICK",-37.88569,145.011453,2.0,1.0,1,$250,Rental_residential,December 2006,3185,2006,12,ELSTERNWICK,250,Other,208021179
214,220,"1/35 NEPEAN HIGHWAY, ELSTERNWICK",-37.88696671,145.00024414,3.0,2.0,1,$315,Rental_residential,December 2006,3185,2006,12,ELSTERNWICK,315,Other,208021179
215,221,"16/71 ALLISON ROAD, ELSTERNWICK",-37.88209534,145.01173401,1.0,1.0,1,$180,Rental_residential,October 2006,3185,2006,10,ELSTERNWICK,180,Other,208021179
216,222,"5/2 YORSTON COURT, ELSTERNWICK",-37.88478851,145.0085907,1.0,1.0,1,$270_Week,none,November 2006,3185,2006,11,ELSTERNWICK,270,Other,208021179
217,223,"5/2 YORSTON COURT, ELSTERNWICK",-37.88478851,145.0085907,1.0,1.0,1,$270,none,October 2006,3185,2006,10,ELSTERNWICK,270,Other,208021179
218,224,"7/11 HODDLE STREET, ELSTERNWICK",-37.88662338,145.01300049,2.0,2.0,1,$280,Rental_residential,November 2006,3185,2006,11,ELSTERNWICK,280,Other,208021179
219,225,"7/11 HODDLE STREET, ELSTERNWICK",-37.88662338,145.01300049,2.0,2.0,1,$280,Rental_residential,October 2006,3185,2006,10,ELSTERNWICK,280,Other,208021179
220,226,"12 BIRD STREET, ELTHAM",-37.713497,145.140108,3.0,1.0,1,$285,none,December 2006,3095,2006,12,ELTHAM,285,Other,209031209
221,227,"2/73 MARINE PARADE, ELWOOD",-37.8779335,144.97750854,2.0,1.0,0,$320,none,October 2006,3184,2006,10,ELWOOD,320,Other,206051129
222,228,"2/7 VAUTIER STREET, ELWOOD",-37.88594437,144.98690796,2.0,1.0,1,$290,none,November 2006,3184,2006,11,ELWOOD,290,Other,206051129
223,229,"9/25 BENDIGO AVENUE, ELWOOD",-37.8855629,144.98291016,1.0,1.0,1,$210,Rental_residential,November 2006,3184,2006,11,ELWOOD,210,Other,206051129
224,230,"70 FOAM STREET, ELWOOD",-37.888892,144.987924,3.0,2.0,1,$650,none,November 2006,3184,2006,11,ELWOOD,650,Other,206051129
225,231,"1/33 TENNYSON STREET, ELWOOD",-37.87562943,144.98812866,2.0,1.0,1,$440,Townhouse,November 2006,3184,2006,11,ELWOOD,440,House,206051129
226,232,"3/485 ST KILDA STREET, ELWOOD",-37.88633728,144.99147034,1.0,1.0,1,$215,Rental_residential,November 2006,3184,2006,11,ELWOOD,215,Other,206051129
227,233,"38 MEREDITH STREET, ELWOOD",-37.876841,144.978871,3.0,1.0,1,$550,none,December 2006,3184,2006,12,ELWOOD,550,Other,206051129
228,234,"5 / 12 SELWYN AVENUE, ELWOOD",-37.88494873,144.98449707,2.0,1.0,1,$360,none,December 2006,3184,2006,12,ELWOOD,360,Other,206051129
229,235,"1/1 CYRIL STREET, ELWOOD",-37.87695694,144.99107361,1.0,1.0,0,$260,Rental_residential,December 2006,3184,2006,12,ELWOOD,260,Other,206051129
230,236,"2 MILDURA CRESCENT, ENDEAVOUR HILLS",-37.972231,145.259027,3.0,2.0,1,$280_Week,House,November 2006,3802,2006,11,HILLS,280,House,212021453
231,237,"35 AMALFI DRIVE, ENDEAVOUR HILLS",-37.978549,145.244563,4.0,1.0,3,$220_Week,House,November 2006,3802,2006,11,HILLS,220,House,212021454
232,238,"1/2 REED COURT, ENDEAVOUR HILLS",-37.969944,145.270665,3.0,1.0,1,$200_Week,Unit,November 2006,3802,2006,11,HILLS,200,Apartment,212021453
233,239,"1/2 REED COURT, ENDEAVOUR HILLS",-37.969944,145.270665,3.0,1.0,1,$200,Unit,October 2006,3802,2006,10,HILLS,200,Apartment,212021453
234,240,"1/17 BRAMWELL CLOSE, ENDEAVOUR HILLS",-37.99160385,145.26370239,2.0,1.0,1,$200_Week,Rental_residential,November 2006,3802,2006,11,HILLS,200,Other,212021454
235,241,"149 WILLIAM STREET, ST ALBANS",-37.736411,144.805246,1.0,1.0,0,$185,House,November 2006,3021,2006,11,ALBANS,185,House,213011334
236,242,"440 MAIN ROAD WEST, ST ALBANS",-37.74265,144.787109,3.0,1.0,1,$190_Week,Rental_residential,November 2006,3021,2006,11,ALBANS,190,Other,213011334
237,243,"38 STEVENS ROAD, ST ALBANS",-37.736473,144.78592,3.0,1.0,0,$200,none,December 2006,3021,2006,12,ALBANS,200,Other,213011334
238,244,"38 STEVENS ROAD, ST ALBANS",-37.736473,144.78592,3.0,1.0,0,$200_Week,none,November 2006,3021,2006,11,ALBANS,200,Other,213011334
239,245,"24 BELFORT STREET, ST ALBANS",-37.750598,144.818979,3.0,1.0,2,$175,Rental_residential,December 2006,3021,2006,12,ALBANS,175,Other,213011335
240,246,"4/25 BRIGHTON ROAD, ST KILDA",-37.86925507,144.98735046,1.0,1.0,1,$180,Rental_residential,December 2006,3182,2006,12,KILDA,180,Other,206051513
241,247,"11/4 ALFRED SQUARE, ST KILDA",-37.8645668,144.97425842,1.0,1.0,1,$300_Week,Available Now,November 2006,3182,2006,11,KILDA,300,Other,206051514
242,248,"12/35 JACKSON STREET, ST KILDA",-37.86153412,144.97654724,1.0,1.0,0,$210,none,November 2006,3182,2006,11,KILDA,210,Other,206051514
243,249,"2/6 REDAN STREET, ST KILDA",-37.85961151,144.98886108,2.0,1.0,1,$250,none,November 2006,3182,2006,11,KILDA,250,Other,206051513
244,250,"9/32 WELLINGTON STREET, ST KILDA",-37.85681534,144.98510742,1.0,1.0,1,$180,Rental_residential,October 2006,3182,2006,10,KILDA,180,Other,206051513
245,251,"1/14 FOSTER STREET, ST KILDA",-37.86885452,144.98301697,2.0,1.0,0,$295,none,November 2006,3182,2006,11,KILDA,295,Other,206051513
246,252,"7/12 PAKINGTON STREET, ST KILDA",-37.86569214,144.98716736,2.0,2.0,1,$450,Unit,December 2006,3182,2006,12,KILDA,450,Apartment,206051513
247,253,"13/116 INKERMAN STREET, ST KILDA",-37.864749,144.987229,1.0,1.0,1,$185,Rental_residential,December 2006,3182,2006,12,KILDA,185,Other,206051513
248,254,"2/24 ACLAND STREET, ST KILDA",-37.86486053,144.97648621,2.0,1.0,0,$350,Available Now,November 2006,3182,2006,11,KILDA,350,Other,206051514
249,255,"6/207 MCIVOR ROAD, STRATHDALE",-36.75861359,144.31510925,2.0,1.0,1,$180,Rental_residential,December 2006,3550,2006,12,STRATHDALE,180,Other,202011020
250,256,"2/2 WARWICKSHIRE COURT, NARRE WARREN",-38.00614548,145.31900024,2.0,1.0,1,$185,Unit,November 2006,3805,2006,11,WARREN,185,Apartment,212021455
251,257,"10 STRAWBENT RISE, NARRE WARREN",-38.022236,145.297033,3.0,1.0,2,$235,House,November 2006,3805,2006,11,WARREN,235,House,212021456
252,258,"13 ONYX COURT, NARRE WARREN",-37.998102,145.313889,3.0,1.0,2,$225_Week,House,October 2006,3805,2006,10,WARREN,225,House,212021455
253,259,"8 ADELE CLOSE, NARRE WARREN",-38.009181,145.302245,3.0,1.0,0,$190,House,December 2006,3805,2006,12,WARREN,190,House,212021455
254,260,"8 ADELE CLOSE, NARRE WARREN",-38.009181,145.302245,3.0,1.0,0,$190_Week,House,November 2006,3805,2006,11,WARREN,190,House,212021455
255,261,"79 FLEETWOOD DRIVE, NARRE WARREN",-38.039565,145.313838,3.0,2.0,2,$235,Rental_residential,November 2006,3805,2006,11,WARREN,235,Other,212021456
256,262,"3 NOBELIUS AVENUE, NARRE WARREN",-38.025088,145.303529,2.0,1.0,2,$190_Week,House,October 2006,3805,2006,10,WARREN,190,House,212021456
257,263,"2 DAVIES STREET, NEWPORT",-37.845216,144.887879,3.0,1.0,2,$280_New,none,December 2006,3015,2006,12,NEWPORT,280,Other,213021344
258,264,"2 DAVIES STREET, NEWPORT",-37.845216,144.887879,3.0,1.0,2,$280_New,none,October 2006,3015,2006,10,NEWPORT,280,Other,213021344
259,265,"2/81 CHALLIS STREET, NEWPORT",-37.84895,144.872215,2.0,1.0,1,$220_Week,Rental_residential,November 2006,3015,2006,11,NEWPORT,220,Other,213021344
260,266,"48 RIVER STREET, NEWPORT",-37.840787,144.889164,2.0,1.0,1,$250_Week,none,October 2006,3015,2006,10,NEWPORT,250,Other,213021344
261,267,"36/132-136 MASON STREET, NEWPORT",-37.841119,144.871477,3.0,2.0,1,$350_New,Townhouse,October 2006,3015,2006,10,NEWPORT,350,House,213021344
262,268,"42 MADDOX ROAD, NEWPORT",-37.844742,144.869254,2.0,1.0,2,$320_New,Townhouse,December 2006,3015,2006,12,NEWPORT,320,House,213021344
263,269,"37 ROSSHIRE ROAD, NEWPORT",-37.848286,144.864277,3.0,2.0,2,$290_New,Rental_residential,November 2006,3015,2006,11,NEWPORT,290,Other,213021344
264,270,"14 MILTON DRIVE, WYNDHAM VALE",-37.896661,144.618411,3.0,1.0,1,$200_Week,none,November 2006,3024,2006,11,VALE,200,Other,213051590
265,271,"2 CRUSOE DRIVE, LYSTERFIELD",-37.912536,145.274279,3.0,1.0,2,$250,House,November 2006,3156,2006,11,LYSTERFIELD,250,House,211011255
266,272,"3/28 FERNCROFT AVENUE, MALVERN EAST",-37.868817,145.056786,2.0,1.0,2,$285,none,November 2006,3145,2006,11,EAST,285,Other,208041195
267,273,"213/313-319 WAVERLEY ROAD, MALVERN EAST",-37.87700272,145.05918884,1.0,1.0,0,$160,Available Now,December 2006,3145,2006,12,EAST,160,Other,208041195
268,274,"6/36 JOHNSTONE STREET, MALVERN",-37.86824799,145.03504944,2.0,1.0,1,$240,Rental_residential,November 2006,3144,2006,11,MALVERN,240,Other,208041194
269,275,"454 BURWOOD HIGHWAY, VERMONT SOUTH",-37.856544,145.17979,4.0,2.0,1,$420_-_$450,House,November 2006,3133,2006,11,SOUTH,450,House,211041273
270,276,"13 TULIP STREET, VIOLET TOWN",-36.635858,145.720138,3.0,1.0,1,$110_Week,House,November 2006,3669,2006,11,TOWN,110,House,204011055
271,277,"4 WALWORTH AVENUE, CAULFIELD NORTH",-37.878047,145.022827,5.0,3.0,2,$700,House,November 2006,3161,2006,11,NORTH,700,House,208021177
272,278,"12/9 HUDSON STREET, CAULFIELD NORTH",-37.87969208,145.03329468,1.0,1.0,1,$145,Rental_residential,November 2006,3161,2006,11,NORTH,145,Other,208021177
273,279,"15 STEELE STREET, CAULFIELD SOUTH",-37.897071,145.02499,3.0,1.0,1,$350,House,December 2006,3162,2006,12,SOUTH,350,House,208021178
274,280,"15 STEELE STREET, CAULFIELD SOUTH",-37.897071,145.02499,3.0,1.0,1,$430,House,November 2006,3162,2006,11,SOUTH,430,House,208021178
275,281,"23 SUSSEX ROAD, CAULFIELD SOUTH",-37.896003,145.023677,2.0,1.0,1,$320,Rental_residential,November 2006,3162,2006,11,SOUTH,320,Other,208021178
276,282,"19 ALDER STREET, CAULFIELD SOUTH",-37.888217,145.018859,3.0,1.0,2,$380,Rental_residential,December 2006,3162,2006,12,SOUTH,380,Other,208021178
277,283,"4/42 NARONG ROAD, CAULFIELD",-37.86785889,145.02030945,2.0,1.0,1,$310,none,December 2006,3162,2006,12,CAULFIELD,310,Other,208021177
278,284,"1/12 WOODBINE GROVE, CHELSEA",-38.05466843,145.11959839,2.0,1.0,1,$180,Rental_residential,December 2006,3196,2006,12,CHELSEA,180,Other,208031186
279,285,"1/12 WOODBINE GROVE, CHELSEA",-38.05466843,145.11959839,2.0,1.0,1,$180_Week,Rental_residential,November 2006,3196,2006,11,CHELSEA,180,Other,208031186
280,286,"1/48 EMBANKMENT GROVE, CHELSEA",-38.04736328,145.12069702,2.0,1.0,2,$140,House,November 2006,3196,2006,11,CHELSEA,140,House,208031186
281,287,"5/18 AVONDALE AVENUE, CHELSEA",-38.05137634,145.11312866,1.0,1.0,1,$135,Rental_residential,November 2006,3196,2006,11,CHELSEA,135,Other,208031186
282,288,"34 BAXTER AVENUE, CHELSEA",-38.045267,145.122249,3.0,1.0,2,$290,Rental_residential,November 2006,3196,2006,11,CHELSEA,290,Other,208031186
283,289,"3/488 NEPEAN HIGHWAY, CHELSEA",-38.05815887,145.11807251,2.0,1.0,1,$275,none,November 2006,3196,2006,11,CHELSEA,275,Other,208031186
284,290,"306A STATION STREET, CHELSEA",-38.049857,145.115467,3.0,2.0,1,$280_Week,House,November 2006,3196,2006,11,CHELSEA,280,House,208031186
285,291,"3/522 SOUTH ROAD, MOORABBIN",-37.935679,145.054866,3.0,2.0,1,$330,Rental_residential,November 2006,3189,2006,11,MOORABBIN,330,Other,208031191
286,293,"165 KUNYUNG ROAD, MOUNT ELIZA",-38.19853,145.08341,4.0,2.0,0,$260,House,December 2006,3930,2006,12,ELIZA,260,House,214021381
287,294,"23 CHRIS COURT, HILLSIDE",-37.698987,144.754894,4.0,2.0,2,$250_Week,House,November 2006,3875,2006,11,HILLSIDE,250,House,213011339
288,295,"2/2 PERKINS AVENUE, HOPPERS CROSSING",-37.869084,144.691815,2.0,1.0,2,$175_Week,Rental_residential,November 2006,3029,2006,11,CROSSING,175,Other,213051362
289,296,"37 CASEY DRIVE, HOPPERS CROSSING",-37.849291,144.6762,3.0,2.0,2,$245_Week,House,November 2006,3029,2006,11,CROSSING,245,House,213051361
290,297,"12 GREVILLEA CRESCENT, HOPPERS CROSSING",-37.863723,144.717439,3.0,2.0,2,$260_Week,Rental_residential,November 2006,3029,2006,11,CROSSING,260,Other,213051361
291,298,"3 SANDLEFORD WAY, HOPPERS CROSSING",-37.848812,144.674317,4.0,2.0,2,$250,Rental_residential,November 2006,3029,2006,11,CROSSING,250,Other,213051361
292,299,"1 WATERSIDE CLOSE, HOPPERS CROSSING",-37.857091,144.713746,3.0,2.0,2,$230,House,December 2006,3029,2006,12,CROSSING,230,House,213051361
293,300,"2/610 NEERIM ROAD, HUGHESDALE",-37.892269,145.082571,3.0,1.0,1,$415,Rental_residential,November 2006,3166,2006,11,HUGHESDALE,415,Other,208021180
294,301,"1/610 NEERIM ROAD, HUGHESDALE",-37.8918457,145.08255005,2.0,2.0,1,$395,Townhouse,November 2006,3166,2006,11,HUGHESDALE,395,House,208021180
295,302,"2/353 UPPER HEIDELBERG ROAD, IVANHOE",-37.757111,145.054489,5.0,2.0,2,$280_-_$340,Available Now,November 2006,3079,2006,11,IVANHOE,340,Other,209011198
296,303,"2/16 SALISBURY AVENUE, IVANHOE",-37.77402496,145.03877258,3.0,2.0,2,$430,none,November 2006,3079,2006,11,IVANHOE,430,Other,209011200
297,304,"18 PROUDFOOT STREET, MONT ALBERT",-37.820106,145.109862,3.0,2.0,1,$330,Rental_residential,December 2006,3127,2006,12,ALBERT,330,Other,207031167
298,305,"7 STREETON COURT, MONT ALBERT",-37.823091,145.112751,4.0,3.0,4,$725,none,December 2006,3127,2006,12,ALBERT,725,Other,207031167
299,306,"8B BOXTREE ROAD, MONTROSE",-37.81429,145.339061,1.0,1.0,1,$160_Week,House,November 2006,3765,2006,11,MONTROSE,160,House,211051280
300,307,"6/61-63 LENNOX STREET, MOONEE PONDS",-37.765672,144.908865,3.0,2.0,2,$370,Townhouse,December 2006,3039,2006,12,PONDS,370,House,206031116
301,308,"20 SUSSEX STREET, MOONEE PONDS",-37.763877,144.90963,2.0,1.0,1,$350,Rental_residential,November 2006,3039,2006,11,PONDS,350,Other,206031116
302,309,"18 ATHOL STREET, MOONEE PONDS",-37.769905,144.918246,2.0,1.0,0,$240_Week,House,November 2006,3039,2006,11,PONDS,240,House,206031116
303,310,"18 ATHOL STREET, MOONEE PONDS",-37.769905,144.918246,2.0,1.0,0,$240,House,October 2006,3039,2006,10,PONDS,240,House,206031116
304,311,"2/104 BENT STREET, MOONEE PONDS",-37.76305771,144.93603516,2.0,1.0,1,$195,Unit,November 2006,3039,2006,11,PONDS,195,Apartment,206031116
305,312,"7/1091 BURKE ROAD, HAWTHORN EAST",-37.81835175,145.05895996,2.0,1.0,1,$300,Rental_residential,November 2006,3123,2006,11,EAST,300,Other,207011152
306,313,"12/352 AUBURN ROAD, HAWTHORN EAST",-37.83197403,145.0430603,2.0,1.0,1,$270,none,December 2006,3123,2006,12,EAST,270,Other,207011520
307,314,"21/23 PARK STREET, HAWTHORN",-37.81985474,145.03781128,1.0,1.0,0,$155,Studio,October 2006,3122,2006,10,HAWTHORN,155,Apartment,207011519
308,315,"18/19 PARK STREET, HAWTHORN",-37.81984329,145.03755188,1.0,1.0,1,$220,Rental_residential,November 2006,3122,2006,11,HAWTHORN,220,Other,207011519
309,316,"3/26 RIVERSDALE ROAD, HAWTHORN",-37.828107,145.028063,1.0,1.0,1,$250,none,December 2006,3122,2006,12,HAWTHORN,250,Other,207011520
310,317,"9/42 CRESWICK STREET, HAWTHORN",-37.818549,145.016028,1.0,1.0,1,$220,Rental_residential,December 2006,3122,2006,12,HAWTHORN,220,Other,207011519
311,318,"3/3 HENRY STREET, HAWTHORN",-37.82001495,145.0430603,2.0,1.0,1,$260,none,November 2006,3122,2006,11,HAWTHORN,260,Other,207011519
312,319,"3 SCOTCH CIRCUIT, HAWTHORN",-37.835329,145.041419,3.0,2.0,1,$450,Townhouse,December 2006,3122,2006,12,HAWTHORN,450,House,207011520
313,320,"3 SCOTCH CIRCUIT, HAWTHORN",-37.835329,145.041419,3.0,2.0,1,$450,Townhouse,November 2006,3122,2006,11,HAWTHORN,450,House,207011520
314,321,"15/9 LISSON GROVE, HAWTHORN",-37.82613754,145.0269165,2.0,1.0,1,$250,none,November 2006,3122,2006,11,HAWTHORN,250,Other,207011520
315,322,"6/70A WATTLE ROAD, HAWTHORN",-37.82525635,145.032547,2.0,1.0,1,$230,none,November 2006,3122,2006,11,HAWTHORN,230,Other,207011520
316,323,"16/64 AUBURN ROAD, HAWTHORN",-37.819934,145.045431,1.0,1.0,1,$200,none,December 2006,3122,2006,12,HAWTHORN,200,Other,207011519
317,324,"771 CLARKES ROAD, HAZELWOOD NORTH",-38.289143,146.516895,5.0,2.0,2,$350_Week,House,November 2006,3840,2006,11,NORTH,350,House,205041094
318,325,"1 SHELLEY STREET, HEIDELBERG HEIGHTS",-37.743656,145.050636,4.0,1.0,1,$215,none,November 2006,3081,2006,11,HEIGHTS,215,Other,209011199
319,326,"53 SWANSTON STREET, HEIDELBERG HEIGHTS",-37.738147,145.050976,2.0,1.0,2,$215,none,December 2006,3081,2006,12,HEIGHTS,215,Other,209011199
320,327,"5/49 HAWDON STREET, HEIDELBERG",-37.75883484,145.06391907,1.0,1.0,1,$165,none,November 2006,3084,2006,11,HEIDELBERG,165,Other,209011198
321,328,"9/10 STRADBROKE AVENUE, HEIDELBERG",-37.75467682,145.06253052,2.0,1.0,1,$220,none,November 2006,3084,2006,11,HEIDELBERG,220,Other,209011198
322,329,"17 WATTLETREE DRIVE, MOUNT HELEN",-37.6246334,143.8789023,4.0,2.0,2,$260_Week,none,November 2006,3350,2006,11,HELEN,260,Other,201011005
323,330,"1/50 BROOK STREET, SUNBURY",-37.582175,144.733313,2.0,1.0,1,$155_Week,Available Now,November 2006,3429,2006,11,SUNBURY,155,Other,210041540
324,331,"10 HEATHERBRAE CRESCENT, SUNBURY",-37.564535,144.715975,3.0,2.0,2,$280_Week,Available Now,November 2006,3429,2006,11,SUNBURY,280,Other,210041541
325,332,"37 ANGLERS ROAD, SUNDERLAND BAY",-38.507245,145.276957,3.0,2.0,2,$200_Week,House,November 2006,3922,2006,11,BAY,200,House,205031091
326,334,"80 BACK BEACH ROAD, SUNSET STRIP",-38.497057,145.2648,2.0,1.0,0,$140_Week,House,November 2006,3922,2006,11,STRIP,140,House,205031091
327,335,"30 BERMAGUI CRESCENT, SUNSET STRIP",-38.49422,145.266123,3.0,1.0,2,$700_Week,House,November 2006,3922,2006,11,STRIP,700,House,205031091
328,336,"21 COMPTON PARADE, SUNSHINE NORTH",-37.769513,144.832115,3.0,1.0,3,$190,House,November 2006,3020,2006,11,NORTH,190,House,213011337
329,337,"6 LEARMONTH CRESCENT, SUNSHINE WEST",-37.803263,144.828731,3.0,1.0,3,$180,House,December 2006,3020,2006,12,WEST,180,House,213011338
330,338,"4/13 BARDSLEY STREET, SUNSHINE WEST",-37.790837,144.823247,2.0,1.0,0,$140,none,November 2006,3020,2006,11,WEST,140,Other,213011338
331,339,"67 FRASER STREET, SUNSHINE",-37.78532,144.8204,3.0,1.0,2,$185,House,November 2006,3020,2006,11,SUNSHINE,185,House,213011336
332,340,"1 BEECH STREET, SURREY HILLS",-37.835865,145.107994,2.0,1.0,1,$220,House,December 2006,3127,2006,12,HILLS,220,House,207031167
333,341,"2/969 RIVERSDALE ROAD, SURREY HILLS",-37.83544159,145.09757996,2.0,1.0,1,$290,none,December 2006,3127,2006,12,HILLS,290,Other,207011155
334,342,"14 VERDUN STREET, SURREY HILLS",-37.833905,145.093705,5.0,4.0,2,$300,Rental_residential,November 2006,3127,2006,11,HILLS,300,Other,207011155
335,343,"2/9 MIDDLESEX ROAD, SURREY HILLS",-37.826488,145.090013,2.0,1.0,1,$280,none,December 2006,3127,2006,12,HILLS,280,Other,207011155
336,344,"2/6 BLACKBURN STREET, SURREY HILLS",-37.82286072,145.0995636,2.0,2.0,1,$375,none,November 2006,3127,2006,11,HILLS,375,Other,207011155
337,345,"1/9 GLOUCESTER COURT, SYDENHAM",-37.692139,144.76364,3.0,2.0,0,$215_Week,none,October 2006,3037,2006,10,SYDENHAM,215,Other,213011339
338,346,"3/15 BEAUMONT COURT, SYDENHAM",-37.691069,144.759964,2.0,1.0,1,$195_Week,none,November 2006,3037,2006,11,SYDENHAM,195,Other,213011339
339,347,"23 RUBEN DRIVE, SYDENHAM",-37.705984,144.759448,3.0,2.0,2,$260_Week,House,November 2006,3037,2006,11,SYDENHAM,260,House,213011339
340,348,"3 BUNGARIM WYND, SYDENHAM",-37.707069,144.76208,4.0,2.0,2,$300_Week,none,November 2006,3037,2006,11,SYDENHAM,300,Other,213011339
341,349,"3 BUNGARIM WYND, SYDENHAM",-37.707069,144.76208,4.0,2.0,2,$300_Week,none,October 2006,3037,2006,10,SYDENHAM,300,Other,213011339
342,350,"31 COWANS DRIVE, GREENDALE",-37.518222,144.306996,4.0,2.0,1,$200_Week,House,November 2006,3341,2006,11,GREENDALE,200,House,201021009
343,351,"32 CRANA GROVE, GREENSBOROUGH",-37.685665,145.108802,3.0,1.0,2,$260,House,December 2006,3088,2006,12,GREENSBOROUGH,260,House,209031213
344,352,"3/157 ST HELENA ROAD, GREENSBOROUGH",-37.70024872,145.12129211,3.0,2.0,2,$470,House,December 2006,3088,2006,12,GREENSBOROUGH,470,House,209011197
345,353,"13 KING STREET, HAMPTON EAST",-37.933645,145.032238,3.0,1.0,3,$420,Rental_residential,December 2006,3188,2006,12,EAST,420,Other,208011172
346,354,"39 STRABANE WAY, HAMPTON PARK",-38.04078,145.259328,4.0,2.0,2,$250_Week,House,November 2006,3976,2006,11,PARK,250,House,212031562
347,355,"39 STRABANE WAY, HAMPTON PARK",-38.04078,145.259328,4.0,2.0,2,$250,House,October 2006,3976,2006,10,PARK,250,House,212031562
348,356,"30 STRONG DRIVE, HAMPTON PARK",-38.034328,145.272176,3.0,1.0,4,$190,House,November 2006,3976,2006,11,PARK,190,House,212031561
349,357,"60 BATEMAN GROVE, HAMPTON PARK",-38.045683,145.255277,3.0,2.0,2,$230,House,December 2006,3976,2006,12,PARK,230,House,212031562
350,358,"46 JUSTIN CIRCUIT, HAMPTON PARK",-38.025861,145.271247,3.0,1.0,2,$230,House,December 2006,3976,2006,12,PARK,230,House,212031561
351,359,"2/62 BEACH ROAD, HAMPTON",-37.94073868,145.00028992,1.0,1.0,1,$260_Week,Rental_residential,November 2006,3188,2006,11,HAMPTON,260,Other,208011172
352,360,"6 IVY STREET, HAMPTON",-37.93205,145.018417,3.0,1.0,2,$550,Rental_residential,November 2006,3188,2006,11,HAMPTON,550,Other,208011172
353,361,"4/62 BEACH ROAD, HAMPTON",-37.94073868,145.00028992,1.0,1.0,1,$260,none,November 2006,3188,2006,11,HAMPTON,260,Other,208011172
354,362,"10 CHRISTOPHER CRESCENT, TULLAMARINE",-37.699635,144.877546,3.0,1.0,2,$210,House,December 2006,3043,2006,12,TULLAMARINE,210,House,210051250
355,363,"10 CHRISTOPHER CRESCENT, TULLAMARINE",-37.699635,144.877546,3.0,1.0,2,$210_Week,House,November 2006,3043,2006,11,TULLAMARINE,210,House,210051250
356,364,"1/6 SPRING ST, TULLAMARINE",-37.70474625,144.87860107,3.0,2.0,1,$250,House,November 2006,3043,2006,11,TULLAMARINE,250,House,210051250
357,365,"10 JANUS STREET, TULLAMARINE",-37.698679,144.876042,3.0,1.0,4,$250,House,December 2006,3043,2006,12,TULLAMARINE,250,House,210051250
358,366,"39/200 MELROSE DRIVE, TULLAMARINE",-37.69816589,144.88018799,2.0,1.0,1,$180,none,December 2006,3043,2006,12,TULLAMARINE,180,Other,210051250
359,367,"2/1 KING STREET, BULLEEN",-37.7625885,145.08422852,3.0,2.0,2,$370,Townhouse,December 2006,3105,2006,12,BULLEEN,370,House,207021156
360,368,"2/1 KING STREET, BULLEEN",-37.7625885,145.08422852,3.0,2.0,2,$400,Townhouse,October 2006,3105,2006,10,BULLEEN,400,House,207021156
361,369,"82 MILLICENT AVENUE, BULLEEN",-37.773785,145.097544,3.0,1.0,1,$260,Rental_residential,December 2006,3105,2006,12,BULLEEN,260,Other,207021156
362,370,"7/1A MAIN DRIVE, BUNDOORA",-37.71373367,145.04605103,3.0,2.0,1,$315_Week,Available Now,November 2006,3083,2006,11,BUNDOORA,315,Other,209021205
363,371,"7/1191 PLENTY ROAD, BUNDOORA",-37.70021,145.058057,1.0,1.0,1,$250_Week,Available Now,November 2006,3083,2006,11,BUNDOORA,250,Other,209021205
364,372,"292 LUMEAH ROAD, BUNINYONG",-37.644803,143.876357,4.0,2.0,2,$280,Available Now,October 2006,3357,2006,10,BUNINYONG,280,Other,201011005
365,373,"10 ISAACS STREET, LAVERTON",-37.8523,144.773116,2.0,1.0,2,$220,House,November 2006,3028,2006,11,LAVERTON,220,House,213051363
366,374,"25 KAYE CRESCENT, LAVERTON",-37.852036,144.771045,3.0,2.0,2,$185_Week,House,November 2006,3028,2006,11,LAVERTON,185,House,213051363
367,375,"3320 MIDLAND HIGHWAY, LETHBRIDGE",-37.924588,144.113884,3.0,1.0,0,$180_Week,House,November 2006,3332,2006,11,LETHBRIDGE,180,House,203011035
368,376,"21 NOYES ROAD, LETHBRIDGE",-37.965373,144.129922,2.0,1.0,1,$170_Week,none,November 2006,3332,2006,11,LETHBRIDGE,170,Other,203011035
369,377,"72 SUTHERLAND STREET, LETHBRIDGE",-37.971512,144.140276,3.0,1.0,2,$220_Week,House,November 2006,3332,2006,11,LETHBRIDGE,220,House,203011035
370,378,"1523 TULLEY ROAD, LIMA",-36.775484,145.983874,4.0,1.0,2,$280_Week,House,November 2006,3673,2006,11,LIMA,280,House,204021064
371,379,"27 DERWENT DRIVE, LONG GULLY",-36.750283,144.256686,3.0,1.0,2,$180,House,November 2006,3550,2006,11,GULLY,180,House,202011018
372,380,"29 KANANOOK AVENUE, SEAFORD",-38.115601,145.128913,3.0,2.0,4,$250_Week,none,November 2006,3198,2006,11,SEAFORD,250,Other,214011375
373,381,"108 STATION ROAD, SEDDON",-37.806359,144.885463,2.0,1.0,1,$250,House,November 2006,3011,2006,11,SEDDON,250,House,213031350
374,382,"9/181 GEELONG ROAD, SEDDON",-37.80261612,144.88616943,2.0,1.0,1,$145,none,November 2006,3011,2006,11,SEDDON,145,Other,213031350
375,383,"181 BUCKLEY STREET, SEDDON",-37.802957,144.889219,3.0,2.0,0,$290,Rental_residential,December 2006,3011,2006,12,SEDDON,290,Other,213031350
376,384,"20 JOYCE ROAD, SEVILLE EAST",-37.777061,145.490524,3.0,2.0,4,$250_Week,none,November 2006,3139,2006,11,EAST,250,Other,211051285
377,385,"5 VALLEY ROAD, SEVILLE",-37.771655,145.460035,3.0,2.0,1,$230_Week,House,November 2006,3139,2006,11,SEVILLE,230,House,211051285
378,386,"2 DAINTON STREET, SHEPPARTON",-36.395985,145.404499,3.0,1.0,1,$250_Week,House,November 2006,3630,2006,11,SHEPPARTON,250,House,216031594
379,387,"21 ROMNEY CRESCENT, SHEPPARTON",-36.352713,145.414799,3.0,1.0,1,$245_Week,House,November 2006,3630,2006,11,SHEPPARTON,245,House,216031416
380,388,"100 BRANIFFS ROAD, JEERALANG",-38.351072,146.409419,3.0,2.0,2,$290_Week,House,November 2006,3840,2006,11,JEERALANG,290,House,205041094
381,389,"25 BRANIFFS ROAD, JEERALANG",-38.344868,146.409023,1.0,1.0,1,$70_Week,Townhouse,November 2006,3840,2006,11,JEERALANG,70,House,205041094
382,390,"305 ELTHAM-YARRA GLEN ROAD, KANGAROO GROUND",-37.68985,145.215905,2.0,1.0,1,$240_Week,none,November 2006,3097,2006,11,GROUND,240,Other,209031214
383,391,"2/10 STOCKWELL CRESCENT, KEILOR DOWNS",-37.71340561,144.79414368,3.0,1.0,1,$185_Week,none,November 2006,3038,2006,11,DOWNS,185,Other,213011332
384,392,"1 AVILA PLACE, KEILOR LODGE",-37.700397,144.806967,4.0,2.0,2,$350_Week,Rental_residential,November 2006,3038,2006,11,LODGE,350,Other,213011340
385,395,"C203/166 ROUSE STREET, PORT MELBOURNE",-37.841211,144.938255,1.0,1.0,1,$400,none,November 2006,3207,2006,11,MELBOURNE,400,Other,206051130
386,396,"14 SWALLOW STREET, PORT MELBOURNE",-37.83881,144.932766,1.0,1.0,1,$380,House,November 2006,3207,2006,11,MELBOURNE,380,House,206051130
387,397,"1.06/91 DOW STREET, PORT MELBOURNE",-37.840548,144.942207,1.0,1.0,1,$320,none,November 2006,3207,2006,11,MELBOURNE,320,Other,206051130
388,398,"407/55 BAY STREET, PORT MELBOURNE",-37.834478,144.945988,1.0,1.0,0,$350,none,December 2006,3207,2006,12,MELBOURNE,350,Other,206051130
389,399,"14 INGLES STREET, PORT MELBOURNE",-37.835369,144.948677,2.0,1.0,0,$360,House,December 2006,3207,2006,12,MELBOURNE,360,House,206051130
390,400,"1/3 LIARDET STREET, PORT MELBOURNE",-37.839268,144.943386,2.0,1.0,1,$445,none,December 2006,3207,2006,12,MELBOURNE,445,Other,206051130
391,401,"30 THE ESPLANADE, PORTARLINGTON",-38.112944,144.665582,2.0,1.0,0,$700_Week,House,November 2006,3223,2006,11,PORTARLINGTON,700,House,203031051
392,403,"43 SIMSON STREET, PORTARLINGTON",-38.117628,144.667214,2.0,1.0,1,$600_Week,House,November 2006,3223,2006,11,PORTARLINGTON,600,House,203031051
393,405,"31 HIGH STREET, PORTARLINGTON",-38.118722,144.649001,3.0,2.0,2,$800_Week,House,November 2006,3223,2006,11,PORTARLINGTON,800,House,203031051
394,406,"155 MUST STREET, PORTLAND",-38.359308,141.596485,3.0,1.0,1,$240,House,October 2006,3305,2006,10,PORTLAND,240,House,217011422
395,407,"73 PERTH STREET, PRAHRAN",-37.846803,144.987715,3.0,1.0,2,$440,none,October 2006,3181,2006,10,PRAHRAN,440,Other,206061136
396,408,"14 MOSS STREET, PRAHRAN",-37.848264,144.988335,3.0,1.0,1,$380,Available Now,December 2006,3181,2006,12,PRAHRAN,380,Other,206061136
397,409,"2A CHOMLEY STREET, PRAHRAN",-37.858758,145.005508,2.0,2.0,2,$450_Week,House,November 2006,3181,2006,11,PRAHRAN,450,House,206061136
398,410,"102/11 HILLINGDON PLACE, PRAHRAN",-37.8510704,144.9944458,2.0,1.0,1,$345,Available Now,November 2006,3181,2006,11,PRAHRAN,345,Other,206061136
399,411,"78 ABERDEEN ROAD, PRAHRAN",-37.85296,145.005846,1.0,1.0,0,$340,Available Now,October 2006,3181,2006,10,PRAHRAN,340,Other,206061136
400,412,"20 BIDEY STREET, PRAHRAN",-37.856332,145.004869,3.0,1.0,0,$550,House,December 2006,3181,2006,12,PRAHRAN,550,House,206061136
401,413,"13 BOWEN STREET, PRAHRAN",-37.854916,145.003736,2.0,1.0,0,$400,none,November 2006,3181,2006,11,PRAHRAN,400,Other,206061136
402,414,"37 LEWISHAM ROAD, PRAHRAN",-37.855252,144.999113,3.0,2.0,0,$375,Available Now,November 2006,3181,2006,11,PRAHRAN,375,Other,206061136
403,415,"6/608 BELL STREET, PRESTON",-37.74353027,144.98997498,2.0,1.0,1,$180,none,October 2006,3072,2006,10,PRESTON,180,Other,209021429
404,416,"18/11-13 COOMA STREET, PRESTON",-37.74135208,145.006073,1.0,1.0,0,$135,House,November 2006,3072,2006,11,PRESTON,135,House,209021428
405,417,"73 RAVENHILL BOULEVARD, ROXBURGH PARK",-37.634417,144.917974,3.0,2.0,2,$260_Week,none,November 2006,3064,2006,11,PARK,260,Other,210051544
406,418,"6 SIMMONDS PLACE, ROXBURGH PARK",-37.63389,144.927545,3.0,2.0,2,$230_Week,Townhouse,November 2006,3064,2006,11,PARK,230,House,210051544
407,419,"3 HOTHAM COURT, LALOR",-37.667364,144.998162,3.0,1.0,4,$200,none,December 2006,3075,2006,12,LALOR,200,Other,209041530
408,420,"6 PRINCE ANDREW AVENUE, LALOR",-37.668812,145.023088,3.0,1.0,1,$205,Available Now,December 2006,3075,2006,12,LALOR,205,Other,209041529
409,421,"6/46 BAYSWATER ROAD, KENSINGTON",-37.79333878,144.9236145,2.0,1.0,1,$225,Rental_residential,November 2006,3031,2006,11,KENSINGTON,225,Other,206041121
410,422,"40 FRANCIS LANE, KENSINGTON",-37.793713,144.918367,3.0,2.0,1,$355,Rental_residential,December 2006,3031,2006,12,KENSINGTON,355,Other,206041121
411,423,"20 CRICHTON LANE, KENSINGTON",-37.792576,144.922112,1.0,1.0,1,$220_Week,Townhouse,November 2006,3031,2006,11,KENSINGTON,220,House,206041121
412,424,"22 LITTLE BENDALL STREET, KENSINGTON",-37.789017,144.92346,2.0,1.0,1,$240,Townhouse,October 2006,3031,2006,10,KENSINGTON,240,House,206041121
413,425,"16 MCCONNELL STREET, KENSINGTON",-37.79027,144.928395,3.0,2.0,0,$270,none,October 2006,3031,2006,10,KENSINGTON,270,Other,206041121
414,426,"5 EASTWOOD STREET, KENSINGTON",-37.788745,144.929811,2.0,1.0,0,$275,House,November 2006,3031,2006,11,KENSINGTON,275,House,206041121
415,427,"58 MARKET STREET, KENSINGTON",-37.790529,144.925817,3.0,1.0,1,$330,Townhouse,October 2006,3031,2006,10,KENSINGTON,330,House,206041121
416,428,"6A CALWELL STREET, KENSINGTON",-37.788257,144.926914,2.0,1.0,1,$255,none,December 2006,3031,2006,12,KENSINGTON,255,Other,206041121
417,429,"56 THE RIDGEWAY, KENSINGTON",-37.794773,144.924578,2.0,1.0,0,$330,none,November 2006,3031,2006,11,KENSINGTON,330,Other,206041121
418,430,"15 HARP ROAD, KEW EAST",-37.800013,145.056797,3.0,1.0,3,$280,none,December 2006,3102,2006,12,EAST,280,Other,207011154
419,431,"3/51 STUDLEY PARK ROAD, KEW",-37.80686188,145.02197266,2.0,1.0,1,$280,none,November 2006,3101,2006,11,KEW,280,Other,207011522
420,432,"2/45 DISRAELI STREET, KEW",-37.80154037,145.03918457,2.0,1.0,1,$260,none,December 2006,3101,2006,12,KEW,260,Other,207011522
421,433,"131 WELLINGTON STREET, KEW",-37.810512,145.043006,2.0,1.0,0,$300,House,December 2006,3101,2006,12,KEW,300,House,207011521
422,434,"12/103 BARKERS ROAD, KEW",-37.8132515,145.02592468,2.0,1.0,2,$280,Rental_residential,November 2006,3101,2006,11,KEW,280,Other,207011521
423,435,"2 SACKVILLE STREET, KEW",-37.812601,145.04643,3.0,2.0,1,$450,House,November 2006,3101,2006,11,KEW,450,House,207011521
424,436,"2/66 COBDEN STREET, KEW",-37.801408,145.036336,2.0,1.0,1,$180_-_$210,none,December 2006,3101,2006,12,KEW,210,Other,207011522
425,437,"7/14 FOLEY STREET, KEW",-37.812876,145.027073,2.0,1.0,1,$320,none,December 2006,3101,2006,12,KEW,320,Other,207011521
426,438,"78 EDGEVALE ROAD, KEW",-37.812676,145.042838,3.0,1.0,1,$450,House,November 2006,3101,2006,11,KEW,450,House,207011521
427,439,"34 BARNARD GROVE, KEW",-37.792261,145.035598,3.0,1.0,1,$410,House,November 2006,3101,2006,11,KEW,410,House,207011522
428,440,"3/58 HARP ROAD, KEW",-37.7999115,145.05410767,2.0,1.0,1,$240,none,December 2006,3101,2006,12,KEW,240,Other,207011521
429,441,"6/11 DEAN STREET, KEW",-37.81559753,145.0581665,2.0,1.0,1,$295,none,December 2006,3101,2006,12,KEW,295,Other,207011521
430,442,"12 COTTAGE CRESCENT, KILMORE",-37.294684,144.942878,3.0,2.0,2,$235_Week,House,November 2006,3764,2006,11,KILMORE,235,House,204011056
431,443,"43 LIVERPOOL ROAD, KILSYTH",-37.806476,145.315478,2.0,2.0,1,$180_Week,House,November 2006,3137,2006,11,KILSYTH,180,House,211051277
432,444,"83 HAWTHORY ROAD, KILSYTH",-37.79499,145.313695,3.0,1.0,2,$240_Week,House,November 2006,3137,2006,11,KILSYTH,240,House,211051281
433,445,"142 QUEENSVILLE STREET, KINGSVILLE",-37.810466,144.882826,3.0,1.0,1,$240,House,October 2006,3012,2006,10,KINGSVILLE,240,House,213031350
434,446,"4 BELINDAVALE DRIVE, KNOXFIELD",-37.882318,145.241397,4.0,2.0,4,$370,House,December 2006,3180,2006,12,KNOXFIELD,370,House,211011254
435,447,"7/15 DOVER STREET, FLEMINGTON",-37.78341675,144.92701721,1.0,1.0,1,$160,Rental_residential,October 2006,3031,2006,10,FLEMINGTON,160,Other,206031115
436,448,"10 GLANCE STREET, FLEMINGTON",-37.787063,144.92487,2.0,1.0,0,$260,Rental_residential,November 2006,3031,2006,11,FLEMINGTON,260,Other,206031115
437,449,"8/13-15 DOVER STREET, FLEMINGTON",-37.78328,144.92737,1.0,1.0,1,$165_Week,House,November 2006,3031,2006,11,FLEMINGTON,165,House,206031115
438,450,"19/48 FARNHAM STREET, FLEMINGTON",-37.78254318,144.93074036,1.0,1.0,1,$175,none,October 2006,3031,2006,10,FLEMINGTON,175,Other,206031115
439,451,"3/10 DRECHSLER STREET, FLORA HILL",-36.77913284,144.29029846,1.0,1.0,1,$105,Rental_residential,November 2006,3550,2006,11,HILL,105,Other,202011021
440,452,"53 LONG GULLY ROAD, FLOWERDALE",-37.342474,145.298467,1.0,1.0,1,$125_Week,House,November 2006,3658,2006,11,FLOWERDALE,125,House,204011062
441,453,"2/103 HUSBAND ROAD, FOREST HILL",-37.839582,145.182596,2.0,1.0,1,$180,Rental_residential,December 2006,3131,2006,12,HILL,180,Other,211041269
442,454,"58 STANLEY STREET, FRANKSTON",-38.138677,145.133275,3.0,1.0,1,$240,House,November 2006,3199,2006,11,FRANKSTON,240,House,214011371
443,455,"58 STANLEY STREET, FRANKSTON",-38.138677,145.133275,3.0,1.0,1,$240,House,October 2006,3199,2006,10,FRANKSTON,240,House,214011371
444,456,"9 MALCOLM COURT, FRANKSTON",-38.142879,145.144807,3.0,1.0,2,$200,House,December 2006,3199,2006,12,FRANKSTON,200,House,214011372
445,457,"4 MEREWEATHER AVENUE, FRANKSTON",-38.1351,145.125597,4.0,1.0,1,$250,House,December 2006,3199,2006,12,FRANKSTON,250,House,214011371
446,458,"7/34 WILLIAMS STREET, FRANKSTON",-38.151339,145.120581,2.0,1.0,1,$135,none,November 2006,3199,2006,11,FRANKSTON,135,Other,214011371
447,460,"6/61 BROUGHAM STREET, GEELONG",-38.1454277,144.36256409,1.0,1.0,1,$265,Rental_residential,November 2006,3220,2006,11,GEELONG,265,Other,203021039
448,461,"4/51 SPRING STREET, THOMASTOWN",-37.68592453,145.00747681,2.0,1.0,1,$185,House,November 2006,3074,2006,11,THOMASTOWN,185,House,209041223
449,462,"47 FENWICK STREET, THORNBURY",-37.76204,145.004852,2.0,1.0,1,$300,Available Now,December 2006,3071,2006,12,THORNBURY,300,Other,206021112
450,463,"6/73 COLLINS STREET, THORNBURY",-37.75528336,145.0098114,2.0,1.0,1,$230,none,December 2006,3071,2006,12,THORNBURY,230,Other,206021112
451,464,"6/73 COLLINS STREET, THORNBURY",-37.75528336,145.0098114,2.0,1.0,1,$230,none,November 2006,3071,2006,11,THORNBURY,230,Other,206021112
452,465,"99 GOOCH STREET, THORNBURY",-37.758498,145.006945,4.0,1.0,2,$390_Week,House,November 2006,3071,2006,11,THORNBURY,390,House,206021112
453,466,"38 HAMMOND STREET, THORNBURY",-37.763845,145.012988,3.0,1.0,5,$290,none,December 2006,3071,2006,12,THORNBURY,290,Other,206021112
454,467,"5/77 COLLINS STREET, THORNBURY",-37.75528717,145.01029968,2.0,1.0,1,$220,none,November 2006,3071,2006,11,THORNBURY,220,Other,206021112
455,468,"8/65 MARTIN STREET, THORNBURY",-37.76125336,145.00521851,2.0,1.0,1,$170,Rental_residential,October 2006,3071,2006,10,THORNBURY,170,Other,206021112
456,469,"1/109 NORMANBY AVENUE, THORNBURY",-37.7588501,144.99008179,3.0,1.0,1,$245,none,October 2006,3071,2006,10,THORNBURY,245,Other,206021112
457,470,"14 RAILWAY ROAD, THORPDALE",-38.287206,146.17799,3.0,1.0,1,$160_Week,none,November 2006,3835,2006,11,THORPDALE,160,Other,205011078
458,471,"1/3 DAVIS COURT, TONGALA",-36.246092,144.953247,2.0,1.0,1,$606,Unit,November 2006,3621,2006,11,TONGALA,606,Apartment,216011407
459,472,"24/746 ORRONG ROAD, TOORAK",-37.83813095,145.01443481,2.0,1.0,1,$320,none,December 2006,3142,2006,12,TOORAK,320,Other,206061138
460,473,"2/2A BURNIE STREET, TOORAK",-37.835808,145.007826,1.0,1.0,1,$195,Rental_residential,December 2006,3142,2006,12,TOORAK,195,Other,206061138
461,474,"2/693 MALVERN ROAD, TOORAK",-37.84885406,145.01031494,2.0,1.0,1,$290,Available Now,October 2006,3142,2006,10,TOORAK,290,Other,206061138
462,475,"4/10 DEVORGILLA AVENUE, TOORAK",-37.849525,145.020704,1.0,1.0,1,$180,none,December 2006,3142,2006,12,TOORAK,180,Other,206061138
463,476,"13 / 76 MATHOURA ROAD, TOORAK",-37.84276962,145.00810242,1.0,1.0,1,$260,none,November 2006,3142,2006,11,TOORAK,260,Other,206061138
464,477,"2/145 CANTERBURY ROAD, TOORAK",-37.84206009,145.01042175,1.0,1.0,0,$195,Rental_residential,October 2006,3142,2006,10,TOORAK,195,Other,206061138
465,478,"2/4-6 WILLIAM STREET, CRANBOURNE",-38.10353851,145.27857971,3.0,1.0,1,$200,House,November 2006,3977,2006,11,CRANBOURNE,200,House,212031300
466,479,"8 ARNOLD STREET, CRANBOURNE",-38.10417,145.290638,3.0,1.0,2,$175_Week,House,October 2006,3977,2006,10,CRANBOURNE,175,House,212031300
467,480,"4/39 FORTUNA AVENUE, CROYDON",-37.80651855,145.27563477,2.0,1.0,1,$250,Rental_residential,November 2006,3136,2006,11,CROYDON,250,Other,211031450
468,481,"32 BEACONSFIELD PARADE, GLENROWAN",-36.460599,146.222163,3.0,2.0,2,$200_Week,House,November 2006,3675,2006,11,GLENROWAN,200,House,204021067
469,482,"3/53 MAUDE AVENUE, GLENROY",-37.70175552,144.93560791,2.0,1.0,2,$230_Week,none,November 2006,3046,2006,11,GLENROY,230,Other,210031535
470,483,"1/22 CHATSWORTH AVENUE, ARDEER",-37.7740593,144.80172729,2.0,1.0,2,$195_Week,none,November 2006,3022,2006,11,ARDEER,195,Other,213011328
471,485,"3/531 ORRONG ROAD, ARMADALE",-37.85705566,145.01087952,2.0,1.0,1,$380,none,December 2006,3143,2006,12,ARMADALE,380,Other,206061136
472,486,"6/48 SUTHERLAND ROAD, ARMADALE",-37.85811615,145.01725769,1.0,1.0,1,$220,Rental_residential,December 2006,3143,2006,12,ARMADALE,220,Other,206061135
473,487,"3/18 ST GEORGES ROAD, ARMADALE",-37.860549,145.021161,1.0,1.0,1,$190,Rental_residential,November 2006,3143,2006,11,ARMADALE,190,Other,206061135
474,488,"4/532 ORRONG ROAD, ARMADALE",-37.85732269,145.01123047,2.0,1.0,1,$360,none,October 2006,3143,2006,10,ARMADALE,360,Other,206061135
475,489,"1/403 DANDENONG ROAD, ARMADALE",-37.86183929,145.01831055,2.0,1.0,1,$250,Rental_residential,November 2006,3143,2006,11,ARMADALE,250,Other,206061135
476,490,"51 THE PARADE, ASCOT VALE",-37.772748,144.913887,4.0,1.0,0,$340_Week,House,November 2006,3032,2006,11,VALE,340,House,206031113
477,491,"10/32 FISHER PARADE, ASCOT VALE",-37.784577,144.905481,3.0,2.0,1,$330,Townhouse,November 2006,3032,2006,11,VALE,330,House,206031113
478,492,"11/24 ORMOND ROAD, ASCOT VALE",-37.77300262,144.92996216,1.0,1.0,1,$180_Week,none,November 2006,3032,2006,11,VALE,180,Other,206031113
479,493,"12 LIBERATOR STREET, ASHBURTON",-37.866175,145.090293,3.0,1.0,1,$270,House,December 2006,3147,2006,12,ASHBURTON,270,House,207011146
480,494,"1/33 GEORGE STREET, ASHWOOD",-37.86299896,145.09721375,3.0,2.0,2,$420,House,November 2006,3147,2006,11,ASHWOOD,420,House,212051319
481,495,"7/34 NEPEAN HIGHWAY, ASPENDALE",-38.011105,145.089387,2.0,1.0,1,$715,none,November 2006,3195,2006,11,ASPENDALE,715,Other,208031189
482,496,"9 PARKVIEW DRIVE, ASPENDALE",-38.0215,145.101561,4.0,2.0,2,$350,none,November 2006,3195,2006,11,ASPENDALE,350,Other,208031189
483,497,"68 BROADWAY, BONBEACH",-38.057652,145.127529,2.0,1.0,2,$305,House,December 2006,3196,2006,12,BONBEACH,305,House,208031186
484,498,"64A TULIP CRESCENT, BORONIA",-37.868298,145.284281,1.0,1.0,0,$90_Week,none,November 2006,3155,2006,11,BORONIA,90,Other,211011446
485,499,"14/23-33 CAMBRIDGE STREET, BOX HILL",-37.82081223,145.1207428,2.0,1.0,1,$310,Townhouse,November 2006,3128,2006,11,HILL,310,House,207031163
486,500,"10/23-33 CAMBRIDGE STREET, BOX HILL",-37.82081223,145.1207428,3.0,3.0,2,$365,Townhouse,November 2006,3128,2006,11,HILL,365,House,207031163
487,501,"9/36 ROSE STREET, BOX HILL",-37.82184982,145.12918091,2.0,1.0,1,$220,Available Now,December 2006,3128,2006,12,HILL,220,Other,207031163
488,502,"1/114 BURKE STREET, YARRAGON SOUTH",-38.2418774,146.0758885,2.0,1.0,1,$160_Week,House,November 2006,3823,2006,11,SOUTH,160,House,205011078
489,503,"9 BORONIA STREET, YARRAGON SOUTH",-38.2418774,146.0758885,3.0,1.0,2,$210_Week,House,November 2006,3823,2006,11,SOUTH,210,House,205011078
490,504,"524 YAN YEAN ROAD, YARRAMBAT",-37.643996,145.131632,3.0,1.0,2,$340_Week,none,November 2006,3091,2006,11,YARRAMBAT,340,Other,209031213
491,505,"32 OVENS STREET, YARRAVILLE",-37.81815,144.891695,2.0,1.0,0,$280,Rental_residential,December 2006,3013,2006,12,YARRAVILLE,280,Other,213031352
492,506,"32 OVENS STREET, YARRAVILLE",-37.81815,144.891695,2.0,1.0,0,$280_Week,Rental_residential,November 2006,3013,2006,11,YARRAVILLE,280,Other,213031352
493,507,"32 SANDERSON STREET, YARRAVILLE",-37.814545,144.867159,3.0,1.0,2,$215,Rental_residential,December 2006,3013,2006,12,YARRAVILLE,215,Other,213031352
494,508,"2/78 ANDERSON STREET, YARRAVILLE",-37.81611252,144.88722229,1.0,1.0,1,$170,Rental_residential,October 2006,3013,2006,10,YARRAVILLE,170,Other,213031352
495,509,"4 FORREST STREET, YARRAVILLE",-37.813741,144.885005,3.0,1.0,0,$310,none,November 2006,3013,2006,11,YARRAVILLE,310,Other,213031352
496,510,"530 JUMBUK ROAD, YINNAR SOUTH",-38.34909566,146.37310528,3.0,2.0,4,$280_Week,House,November 2006,3869,2006,11,SOUTH,280,House,205041094
497,511,"1135 WHITELAWS TRACK, YINNAR SOUTH",-38.3759626,146.3429133,3.0,1.0,1,$200_Week,House,November 2006,3869,2006,11,SOUTH,200,House,205041094
498,512,"2 / 4 GEORGE STREET, YINNAR",-38.330291,146.32664,2.0,1.0,2,$95_Week,none,November 2006,3869,2006,11,YINNAR,95,Other,205041094
